;Stock Valorizado;;;;;;;;;;11/7/2026
;Código;Descripción;;;;Marca;Costo;;Stock;St.Valorizado
;7790580141721; ALMENDRAS COFER 100 GS;;;;ARCOR;;4.500,00;97;;436.500,0
;7790070432292; ARROZ PREPARADO;;;;GALLO;;0,00;1;;0,000
;7790580120092; CHOCOLATE NEGRO 25 GS;;;;ARCOR;;860,00;10;;8.600,00
;7791600253547; DESODORANTE PLATINUM;;;;KEVIN;;2.700,00;1;;2.700,00
;7797470199367; FIDEOS SPAGHETTI;;;;MAROLIO;;600,00;9;;5.400,00
;7798314230147; FIDEOS TALLARIN;;;;VERIZZIA;;600,00;3;;1.800,00
;7790580140816; HELADO BON O BON CORAZON;;;;ARCOR;;2.500,00;6;;15.000,00
;7790580982508; HELADO CONO COFLER;;;;ARCOR;;2.900,00;9;;26.100,00
;170; JUGUITOS CONGELADOS;;;;;;100,00;114;;11.400,00
;020; PALITO BOMBON;;;;NAHUEL;;400,00;17;;6.800,00
;7791293051246; REPUESTO  GLYCOL;;;;SEDAL;;2.500,00;1;;2.500,00
;7791200200583; SKYY;;;;SKYY;;7.200,00;1;;7.200,00
;7791200200774; SKYY;;;;;;7.200,00;2;;14.400,00
;1987793670400562; YERBA MENTA Y GENGIBRE 500 GS;;;;VERDEFLOR;;1.411,00;10;;14.110,00
;7790740000431;,SHAMPOO CONTROL FRIZZ;;;;PLUSBELLE;;3.000,00;3;;9.000,00
;7790198000182;0,;;;;GALVANESCENCIAL;;426,00;10;;4.260,00
;7622201818739;6+666666666666;;;;;;4.150,00;2;;8.300,00
;7781226000328;ABRE LATAS MARIPOSA;;;;;;3.300,00;2;;6.600,00
;7790086419430;ACEITE DE GIRASOL;;;;GOURMET ;;2.300,00;12;;27.600,00
;7790272001029;ACEITE DE GIRASOL 1,5L;;;;NATURA;;4.000,00;2;;8.000,00
;7792180001641;ACEITE DE GIRASOL 900 ML ;;;;CAÑUELAS;;2.100,00;10;;21.000,00
;7797470005514;ACEITE DE GIRASOL 900ML;;;;MAROLIO;;2.500,00;5;;12.500,00
;7792180000569;ACEITE DE GIRASOL 900ML;;;;FLORENCIA;;2.200,00;10;;22.000,00
;7790086628376;ACEITE DE GIRASOL 900ML;;;;DOÑA NORITA;;2.300,00;11;;25.300,00
;7790086430718;ACEITE DEGIRASOL 900 CC ;;;;LA CAMPECHANA;;2.200,00;10;;22.000,00
;7798316700907;ACEITE GIRASOL 900 ML;;;;ALSAMAR;;1.500,00;7;;10.500,00
;7790070225023;ACEITE MEZCLA 1,5 L;;;;COCINERO;;2.800,00;4;;11.200,00
;7794870000330;ACEITE MEZCLA 900 ML;;;;SIGLO DE ORO;;2.100,00;17;;35.700,00
;7793065000384;ACEITE MEZCLA OFERTA;;;;COMODORO;;1.650,00;12;;19.800,00
;425;ACIDO 1 L;;;;;;2.000,00;6;;12.000,00
;7791293045856;ACONDICIONADOR;;;;SEDAL;;1.750,00;1;;1.750,00
;7500435241090;ACONDICIONADOR  KERATINA 200ML;;;;PANTENE;;3.500,00;1;;3.500,00
;7791293047072;ACONDICIONADOR  ULTRA 300 ML;;;;DOVE;;2.500,00;2;;5.000,00
;7791293050454;ACONDICIONADOR 1 L BOMBA D;;;;SUAVE ;;2.500,00;1;;2.500,00
;7791293045863;ACONDICIONADOR 190 ML;;;;SEDAL;;1.780,00;2;;3.560,00
;7791293051451;ACONDICIONADOR 190 ML;;;;SEDAL;;2.500,00;2;;5.000,00
;7791293046426;ACONDICIONADOR 190 ML;;;;SEDAL;;2.500,00;2;;5.000,00
;7790740000394;ACONDICIONADOR 1L;;;;PLUSBELLE;;2.800,00;4;;11.200,00
;7500435235433;ACONDICIONADOR 200 ML;;;;PANTENE;;3.500,00;1;;3.500,00
;7791293047041;ACONDICIONADOR 200ML UC;;;;DOVE;;2.800,00;6;;16.800,00
;7500435147507;ACONDICIONADOR 300 ML;;;;HEAD  SHOULDERS;;5.000,00;2;;10.000,00
;7500435147552;ACONDICIONADOR 300 ML;;;;HEAD  SHOULDERS;;5.000,00;1;;5.000,00
;;;;;;Pág. 1 
;Stock Valorizado;;;;;;;;;;11/7/2026
;Código;Descripción;;;;Marca;Costo;;Stock;St.Valorizado
;7500435147484;ACONDICIONADOR 300 ML;;;;HEAD  SHOULDERS;;5.000,00;1;;5.000,00
;7791293047065;ACONDICIONADOR 300ML;;;;DOVE;;2.500,00;2;;5.000,00
;7790740000356;ACONDICIONADOR BALANCE 1 L;;;;PLUSBELLE;;2.800,00;13;;36.400,00
;7790010003247;ACONDICIONADOR BEBE;;;;JOHNSONS;;3.500,00;1;;3.500,00
;7791293049830;ACONDICIONADOR BRILLO 250 ML;;;;TRESEMME;;2.500,00;1;;2.500,00
;7791293050003;ACONDICIONADOR CAUT. 250 ML;;;;TRESEMME;;2.500,00;2;;5.000,00
;7791293043463;ACONDICIONADOR CERAMIDAS 190 ML;;;;SEDAL;;1.750,00;1;;1.750,00
;7500435229814;ACONDICIONADOR DETOX 400 ML;;;;PANTENE;;4.900,00;1;;4.900,00
;7500435230001;ACONDICIONADOR EQUILIBRIO 200 ML;;;;PANTENE;;3.500,00;2;;7.000,00
;7500435211963;ACONDICIONADOR HID. 200 ML;;;;PANTENE;;3.500,00;2;;7.000,00
;7500435230070;ACONDICIONADOR HIDRATA 200 ML;;;;PANTENE;;3.500,00;1;;3.500,00
;7790740000349;ACONDICIONADOR NUTRICION;;;;PLUSBELLE;;2.800,00;2;;5.600,00
;7791293045030;ACONDICIONADOR ONDAS 250 ML;;;;TRESEMME;;2.500,00;1;;2.500,00
;7791293046938;ACONDICIONADOR REPUESTO 180 ML;;;;DOVE;;2.200,00;1;;2.200,00
;7790740000684;ACONDICIONADOR REPUESTO 300 ML;;;;PLUSBELLE;;1.500,00;1;;1.500,00
;7790740000486;ACONDICIONADOR RESTAURACION;;;;PLUSBELLE;;3.000,00;2;;6.000,00
;7791293045887;ACONDICIONADOR RESTAURACION 190;;;;SEDALESCENCIAL;;1.750,00;1;;1.750,00
;;ML
;7790740001858;ACONDICIONADOR REVIT. 750 ML;;;;PLUSBELLE;;2.500,00;4;;10.000,00
;77982735;ACONDICIONADOR SOBRE;;;;SEDALESCENCIAL;;150,00;1;;150,00
;77982728;ACONDICIONADOR SOBRE;;;;SEDAL;;150,00;75;;11.250,00
;7500435235341;ACONDICIONADOR VOLUMEN 200 ML;;;;PANTENE;;3.500,00;2;;7.000,00
;7791337007819;ACTIMEL;;;;LA SERENISIMA;;944,00;3;;2.832,00
;7790895643712;ADES ANANA 200 ML;;;;COCA COLA;;800,00;10;;8.000,00
;7790895643828;ADES DURAZNO 1L;;;;COCA COLA;;2.200,00;6;;13.200,00
;7793253005054;AEROSOL DESIMFECTANTE;;;;AYUDIN;;2.450,00;1;;2.450,00
;311;AFRECHO 25 KG;;;;;;8.930,00;1;;8.930,00
;7798113301611;AGUA MIN. V. MANAOS 2L;;;;MANAOS;;1.000,00;2;;2.000,00
;7793718801382;AGUA MINERAL 1,5L;;;;VERGEL;;600,00;5;;3.000,00
;7790315000149;AGUA MINERAL 1,65 L;;;;VILLA DEL SUR;;900,00;2;;1.800,00
;7790895003868;AGUA MINERAL 500 BONAQUA;;;;COCA COLA;;1.400,00;8;;11.200,00
;7790895647642;AGUA MINERAL 500 ML;;;;BENEDICTO;;600,00;7;;4.200,00
;7799155000173;AGUA MINERAL 500 ML;;;;VILLAVICENCIO;;1.000,00;8;;8.000,00
;7792799000011;AGUA MINERAL 500ML;;;;NESTLE;;1.000,00;3;;3.000,00
;7790639002560;AGUA MINERAL 600 ML;;;;CELLIER;;600,00;3;;1.800,00
;7798062540109;AGUA MINERAL 600ML;;;;VILLA DEL SUR;;720,00;5;;3.600,00
;7792799000905;AGUA MINERAL PUREZA VITAL 1,5L;;;;NESTLE;;1.300,00;1;;1.300,00
;7790036008974;AGUA SABORIZADA 1,5 L LIMON;;;;BAGGIO FRESH;;1.000,00;6;;6.000,00
;7790036001661;AGUA SABORIZADA 1,5 L PERA;;;;BAGGIO FRESH;;900,00;1;;900,00
;7798399700122;AGUA SABORIZADA 500 CC;;;;GRAZIANI;;600,00;5;;3.000,00
;7798399700115;AGUA SABORIZADA 500 ML;;;;GRAZIANI;;600,00;1;;600,00
;7798399700139;AGUA SABORIZADA 500 ML;;;;GRAZIANI;;600,00;98;;58.800,00
;7790036974286;AGUA SABORIZADA 600 ML;;;;BAGGIO FRESH;;600,00;3;;1.800,00
;;;;;;Pág. 2 
;Stock Valorizado;;;;;;;;;;11/7/2026
;Código;Descripción;;;;Marca;Costo;;Stock;St.Valorizado
;7790036974309;AGUA SABORIZADA 600 ML MANZANA;;;;;;600,00;3;;1.800,00
;7790036974361;AGUA SABORIZADA 600 ML MANZANA;;;;BAGGIO FRESH;;800,00;6;;4.800,00
;7790036974354;AGUA SABORIZADA 600 ML POMELO ;;;;BAGGIO FRESH;;800,00;1;;800,00
;7799155000135;AGUA SABORIZADA BIDON 6,2 L;;;;VILLA DEL SUR;;1.900,00;7;;13.300,00
;7790036001678;AGUA SABORIZADA MULTIF. 1,5 L;;;;BAGGIO FRESH;;1.100,00;6;;6.600,00
;7790036002118;AGUA SABORIZADA NARANJA 1,5 L;;;;VIDA;;1.100,00;6;;6.600,00
;7798113302090;AGUA SABORIZADA NARANJA 1,5 L ;;;;PLACER;;1.100,00;2;;2.200,00
;7790036002125;AGUA SABORIZADA POMELO 1,5 L;;;;VIDA;;1.100,00;6;;6.600,00
;7791813222057;AGUA TONICA 1,5 L;;;;PASO DE LOS;;2.000,00;4;;8.000,00
;7798094010021;AJI MOLIDO;;;;AROMAS DELTOROS;;250,00;6;;1.500,00
;7790198000090;AJI MOLIDO 25 GS;;;;GALVANMONTE;;400,00;10;;4.000,00
;7790127784411;AJI PICANTE;;;;VANOLI;;1.500,00;3;;4.500,00
;77976307;ALAFAJOR TRIPLE;;;;OREO;;850,00;5;;4.250,00
;7790150413005;ALBAHACA 20 GS;;;;ALICANTE;;700,00;1;;700,00
;7796613307225;ALCOHOL 250 CC;;;;CLEAN LINE;;607,00;3;;1.821,00
;7795422000082;ALCOHOL 250 ML;;;;FRAU;;680,00;1;;680,00
;7797470127216;ALCOHOL 250 ML;;;;PATRICIA ALLEN;;800,00;1;;800,00
;7798370510016;ALCOHOL 250ML;;;;TU DOC;;600,00;2;;1.200,00
;7795422002154;ALCOHOL EN GEL 250  ML;;;;FRAU;;1.200,00;4;;4.800,00
;763571682333;ALFAJOR BLANCO;;;;ENTRE DOS;;700,00;178;;124.600,0
;7798397440013;ALFAJOR BLANCO;;;;RASTA;;1.200,00;6;;7.200,000
;7791568006506;ALFAJOR BLANCO SIMPLE;;;;PAMELA;;200,00;210;;42.000,00
;7790040143654;ALFAJOR BLOCK SIMPLE;;;;ARCOR;;700,00;19;;13.300,00
;7790040613706;ALFAJOR BOB;;;;ARCOR;;700,00;18;;12.600,00
;7790040613607;ALFAJOR BOB;;;;ARCOR;;700,00;20;;14.000,00
;763571682326;ALFAJOR CHOCOLATE;;;;ENTRE DOS;;700,00;12;;8.400,00
;7790040143647;ALFAJOR COFLER MOUSSE;;;;ARCOR;;700,00;20;;14.000,00
;008;ALFAJOR DE FRUTAS;;;;MAURI;;600,00;7;;4.200,00
;7790380024620;ALFAJOR FULL MANI;;;;GEORGALOS;;700,00;5;;3.500,00
;7622202253256;ALFAJOR MANON;;;;MONDELEZ;;720,00;2;;1.440,00
;7791568005585;ALFAJOR NEGRO SIMPLE;;;;PAMELA;;200,00;22;;4.400,00
;7798397444202;ALFAJOR RASTA;;;;RASTA;;0,00;1;;0,00
;77939234;ALFAJOR SIMPLE;;;;TERRABUSI;;720,00;3;;2.160,00
;7790040331303;ALFAJOR TATIN BLANCO SIMOLE;;;;ARCOR;;271,00;9;;2.439,00
;7790040331204;ALFAJOR TATIN SIMPLE NEGRO;;;;ARCOR;;271,00;16;;4.336,00
;7790380023579;ALFAJOR TODDY NEGRO;;;;TODDY;;700,00;5;;3.500,00
;7790040116610;ALFAJOR TOFI SIMPLE;;;;ARCOR;;700,00;20;;14.000,00
;7798397444240;ALFAJOR TRICO RASTA;;;;RASTA;;1.550,00;12;;18.600,00
;7622300457303;ALFAJOR TRIPL E MOUSSE BL;;;;MILKA;;850,00;9;;7.650,00
;77915481;ALFAJOR TRIPLE;;;;PEPITOS;;850,00;12;;10.200,00
;77958365;ALFAJOR TRIPLE;;;;VIMAR;;400,00;6;;2.400,00
;7790040991910;ALFAJOR TRIPLE BLANCO;;;;BAGLEY;;1.000,00;1;;1.000,00
;;;;;;Pág. 3 
;Stock Valorizado;;;;;;;;;;11/7/2026
;Código;Descripción;;;;Marca;Costo;;Stock;St.Valorizado
;7791568006513;ALFAJOR TRIPLE BLANCO;;;;PAMELA;;500,00;6;;3.000,00
;7790040659605;ALFAJOR TRIPLE BLOCK;;;;COFLER;;1.100,00;3;;3.300,00
;7790040614000;ALFAJOR TRIPLE BOB;;;;ARCOR;;1.200,00;1;;1.200,00
;7790040150010;ALFAJOR TRIPLE COFLER;;;;ARCOR;;1.100,00;20;;22.000,00
;77903792;ALFAJOR TRIPLE D. DE LECHE;;;;TERRABUSI;;850,00;1;;850,00
;77903778;ALFAJOR TRIPLE MILKA;;;;MILKA;;850,00;9;;7.650,00
;7622300835620;ALFAJOR TRIPLE MILKA/OREO;;;;MILKA;;850,00;6;;5.100,00
;77903785;ALFAJOR TRIPLE MOUSSE;;;;MILKA;;850,00;3;;2.550,00
;7791568006520;ALFAJOR TRIPLE NEGRO;;;;PAMELA;;500,00;12;;6.000,00
;77956699;ALFAJOR TRIPLE SHOT;;;;MONDELEZ;;850,00;3;;2.550,00
;7790040484801;ALFAJOR TRIPLE TOFFI;;;;MONDELEZ;;850,00;1;;850,00
;7790040953703;ALFAJOR TRIPLE TOFI BL;;;;MONDELEZ;;1.100,00;1;;1.100,00
;7790040375000;ALFAJOR TRIPLR BYN;;;;BAGLEY;;990,00;18;;17.820,00
;77903860;ALFAJOR TROPLE TORTA;;;;TERRABUSI;;850,00;6;;5.100,00
;7790064100060;ALGODON;;;;MAR;;650,00;2;;1.300,00
;7791229001512;ALGODON 70 GS ;;;;DONNA;;650,00;2;;1.300,00
;7790940515032;ALGODON EN DISCO;;;;DONCELLA;;2.100,00;5;;10.500,00
;00187;ALIMENTO DE PERRO;;;;;;1.500,00;36;;54.000,00
;7798115470728;ALMENDRAS 470 GS;;;;CORMILLOT;;1.000,00;6;;6.000,00
;7790380037767;ALMENDRAS C/CVHOCOLATE 80GS;;;;GEORGALOS;;2.800,00;100;;280.000,0
;7790580141714;ALMENDRAS COFLER 100 GS;;;;ARCOR;;4.500,00;98;;441.000,00
;7794000007451;ALMIDON DE MAIZ 250 GS;;;;MAIZENA;;1.250,00;1;;1.250,000
;7798075280023;ALMIDON DE MAIZ 500 GS ;;;;GLUTAL;;1.160,00;2;;2.320,00
;00190;ALPISTE P/ PAJARO;;;;;;1.500,00;4;;6.000,00
;7798399700191;AMARGO CORDILLERANO ;;;;GRAZIANI;;1.200,00;6;;7.200,00
;7798399700184;AMARGO SERRANO;;;;GRAZIANI;;1.200,00;2;;2.400,00
;00182;AMARGOS GRAZIANI;;;;GRAZIANI;;900,00;9;;8.100,00
;7793147573546;AMSTEL 473 ML;;;;AMSTEL;;1.500,00;6;;9.000,00
;7793147572853;AMSTEL 710;;;;AMSTEL;;3.000,00;15;;45.000,00
;7792798015429;ANDES 710 ;;;;ANDES;;2.500,00;4;;10.000,00
;7792798007813;ANDES BOTELLA;;;;ANDES;;3.000,00;4;;12.000,00
;7792798012572;ANDES FRESQUITA;;;;ANDES ORIGEN;;1.200,00;2;;2.400,00
;7792798014156;ANDES ORIGEN 710 ;;;;ANDES ORIGEN;;3.000,00;19;;57.000,00
;7792798002115;ANDES ORIGEN BOTELLA;;;;ANDES ORIGEN;;3.500,00;7;;24.500,00
;7792798999866;ANDES ORIGEN LATA;;;;ANDES;;2.000,00;2;;4.000,00
;7792798002320;ANDES ORIGEN NEGRA LATA;;;;ANDES ORIGEN;;2.000,00;10;;20.000,00
;7792798014934;ANDES ORIGEN ORO;;;;ANDES;;2.000,00;10;;20.000,00
;7795815050106;ANILINA PARA ROPA;;;;COLIBRI;;1.430,00;2;;2.860,00
;7792180143471;ANILLOS DE CHOCOLATE;;;;9 DE ORO;;690,00;1;;690,00
;7622201808884;ANILLOS SURTIDOS;;;;TERRABUSI;;1.100,00;2;;2.200,00
;7791669025628;ANIS EN GRANO 25 GS;;;;INDIAS;;380,00;2;;760,00
;7790520998880;ANTIGRASA 450 ML;;;;MR MUSCULO;;1.390,00;1;;1.390,00
;;;;;;Pág. 4 
;Stock Valorizado;;;;;;;;;;11/7/2026
;Código;Descripción;;;;Marca;Costo;;Stock;St.Valorizado
;7791290795570;ANTIGRASA GATILLO;;;;CIF;;2.500,00;2;;5.000,00
;7791293048529;ANTITRANSPIRANTE;;;;DOVE;;3.000,00;2;;6.000,00
;7791293048512;ANTITRANSPIRANTE;;;;DOVE;;2.450,00;1;;2.450,00
;4005900973856;ANTITRANSPIRANTE;;;;NIVEA;;2.500,00;2;;5.000,00
;4005900929143;ANTITRANSPIRANTE;;;;NIVEA;;2.500,00;1;;2.500,00
;7791293049458;ANTITRANSPIRANTE;;;;REXONA;;3.200,00;3;;9.600,00
;7791293049496;ANTITRANSPIRANTE ;;;;REXONA;;3.200,00;3;;9.600,00
;7791293048031;ANTITRANSPIRANTE  INVISIBLE;;;;DOVE;;2.750,00;1;;2.750,00
;7791293049564;ANTITRANSPIRANTE BAMBOO;;;;REXONA;;2.700,00;1;;2.700,00
;20;ANTITRANSPIRANTE COTTON;;;;REXONA;;2.200,00;1;;2.200,00
;7791905024712;ANTITRANSPIRANTE ENERGY;;;;POLYANA  ;;1.500,00;2;;3.000,00
;7791293048017;ANTITRANSPIRANTE FRESH;;;;DOVE;;2.760,00;1;;2.760,00
;7791905004226;ANTITRANSPIRANTE FRESH;;;;POLYANA  ;;1.500,00;2;;3.000,00
;7791293049502;ANTITRANSPIRANTE MEN;;;;REXONA;;3.200,00;2;;6.400,00
;7791293048505;ANTITRANSPIRANTE PERA;;;;DOVE;;3.000,00;3;;9.000,00
;7791293048482;ANTITYRANSPIRANTE POMELO;;;;;;2.900,00;1;;2.900,00
;7790950138900;APERITIVO;;;;LIVENZA;;5.000,00;5;;25.000,00
;7790950144819;APERITIVO GANCIA;;;;GANCIA;;5.500,00;1;;5.500,00
;167790895640476;AQUARIUS 1,5 L;;;;COCA COLA;;2.500,00;6;;15.000,00
;7790895641213;AQUARIUS 500 ML;;;;COCA COLA;;1.200,00;2;;2.400,00
;7790895640445;AQUARIUS 500 ML;;;;COCA COLA;;1.200,00;7;;8.400,00
;177790895641213;AQUARIUS 500 ML;;;;COCA COLA;;1.200,00;6;;7.200,00
;7790895651151;AQUARIUS ANANA Y G 1,5L;;;;COCA COLA;;2.500,00;10;;25.000,00
;7798113151308;ARGENTITAS X 3;;;;ARGENTITAS;;850,00;6;;5.100,00
;7790045826965;ARITOS FRUTALES 130GS;;;;GRANIX;;950,00;1;;950,00
;7702103837417;ARITOS FRUTALES 135 GS;;;;;;900,00;1;;900,00
;7790070412126;ARROZ 1 KG;;;;MAXIMO;;1.500,00;9;;13.500,00
;7790070431417;ARROZ 1 KG;;;;GALLO;;2.000,00;1;;2.000,00
;7794870001344;ARROZ 1 KG ;;;;PRIMOR;;1.300,00;9;;11.700,00
;7793650000034;ARROZ 1 KG ;;;;CAROGRAN;;736,00;5;;3.680,00
;7793650000188;ARROZ 1 KG PARBOIL;;;;CAROGRAN;;1.500,00;2;;3.000,00
;7790070412171;ARROZ 500 GS;;;;MAXIMO;;800,00;9;;7.200,00
;7791120032561;ARROZ 500 GS ;;;;53;;500,00;8;;4.000,00
;7798138553064;ARROZ DOBLE 500 GS;;;;MOLTO;;800,00;6;;4.800,00
;7798138553088;ARROZ INTEGRAL 500 GS;;;;MOLTO;;700,00;10;;7.000,00
;7790070431493;ARROZ LARGO FINO;;;;LUCCHETTI;;577,00;1;;577,00
;00192;ARROZ PARA PERRO;;;;;;1.600,00;2;;3.200,00
;7790070432261;ARROZ PREPARADO;;;;GALLO;;1.200,00;2;;2.400,00
;7797470199756;ARVEJA LATA;;;;MAROLIO;;450,00;2;;900,00
;7795184132403;ARVEJAS EN LATA;;;;NOEL;;707,00;3;;2.121,00
;7798138554986;ARVERJA EN LATA;;;;MOLTO;;650,00;2;;1.300,00
;7791885001550;ATUN AL NATUIRAL;;;;CUMANA;;1.000,00;4;;4.000,00
;;;;;;Pág. 5 
;Stock Valorizado;;;;;;;;;;11/7/2026
;Código;Descripción;;;;Marca;Costo;;Stock;St.Valorizado
;7791885001208;ATUN DESMENUZADO AC Y AGUA;;;;CUMANA;;1.000,00;7;;7.000,00
;7798066030910;AVENA 400 GS;;;;LA ESPAÑOLA;;850,00;3;;2.550,00
;7797470124581;AVENA ARROLLADA 400 GS ;;;;MAROLIO;;1.200,00;3;;3.600,00
;7791176291974;AVENA INSTANTANEA 350GS;;;;CADEA;;2.000,00;6;;12.000,00
;7790199604594;AVENA INSTANTANEA 400 GS;;;;MORIXE;;1.450,00;1;;1.450,00
;7797470008843;AVENA INSTANTANEA 400GS;;;;MAROLIO;;1.300,00;6;;7.800,00
;415;AVENA PARA CABALLO BOLSA;;;;;;16.300,00;1;;16.300,00
;7790199604587;AVENA TRADICIONAL 400 GS;;;;MORIXE;;1.450,00;2;;2.900,00
;7792170555345;AVENA TRADIONAL 280GS;;;;QUAKER;;1.900,00;2;;3.800,00
;754697524348;AZUCAR 1 KG;;;;LA ESTRELLA;;1.200,00;6;;7.200,00
;7795513048788;AZUCAR 1 KG;;;;LA PERLA;;1.000,00;3;;3.000,00
;7790220000760;AZUCAR 1KG;;;;FRONTERITA;;1.300,00;5;;6.500,00
;7794106000035;AZUCAR 900 GS;;;;AZUKITA;;1.000,00;7;;7.000,00
;7791772009508;AZUCAR 900 GS ;;;;DELICIOSA;;1.000,00;9;;9.000,00
;417;AZUCAR IMPALPABLE SUELTA;;;;;;1.600,00;5;;8.000,00
;7790661000671;BALDE P/ FREGONA;;;;MATRI PLASTER;;4.600,00;3;;13.800,00
;7794396185511;BANDEJA CUADRADA;;;;;;4.500,00;1;;4.500,00
;7794000007802;BARBACOA 250 GS;;;;HELLMANS;;1.500,00;2;;3.000,00
;0026;BARRA DE AZUFRE;;;;;;250,00;5;;1.250,00
;80050315;BARRITA KINDER ;;;;;;500,00;16;;8.000,00
;77969101;BELDENT;;;;;;430,00;24;;10.320,00
;77969118;BELDENT;;;;;;430,00;16;;6.880,00
;77969071;BELDENT;;;;;;430,00;13;;5.590,00
;77969088;BELDENT;;;;;;430,00;8;;3.440,00
;77969095;BELDENT ;;;;;;430,00;38;;16.340,00
;7622201457457;BELDENT INFINIT BLUE BERRY;;;;;;1.200,00;10;;12.000,00
;306;BERENJENAS;;;;;;350,00;8;;2.800,00
;7798094010120;BICARBONATO;;;;AROMAS DEL;;200,00;3;;600,00
;;;;;;MONTE
;7790150430392;BICARBONATO 50 GS;;;;ALICANTE;;650,00;2;;1.300,00
;7790198000595;BICARBONATO DE SODIO 20 GS;;;;GALVAN;;300,00;1;;300,00
;428;BICARBONATO SUELTO KG;;;;;;500,00;10000;;005.000.000,
;7792200020119;BISCOCHOS DE SALVADO;;;;9 DE ORO;;730,00;5;;3.650,00
;7792200000777;BISCOCHOS LIGHT;;;;9 DE ORO;;730,00;4;;2.920,00
;7790070432964;BISCOCHUELO VAINILLA;;;;EXQUISITA;;2.050,00;1;;2.050,00
;7790070432988;BIZCOCHUELO NARANJA ;;;;EXQUISITA;;2.050,00;1;;2.050,00
;7790520995551;BLEM EFECTO ESPUMA;;;;BLEM;;3.000,00;2;;6.000,00
;77922120;BLOCK 110 GS;;;;COFLER;;2.000,00;3;;6.000,00
;77953124;BLOCK 38 GS;;;;COFLER;;1.200,00;2;;2.400,00
;77971944;BLOCK BOCADITO;;;;COFLER;;250,00;5;;1.250,00
;313;BOCADITO CABSHA;;;;;;300,00;1;;300,00
;407;BOCADITO CERICET;;;;FEL FORT;;2.000,00;24;;48.000,00
;7798068280221;BOCADITOS DE POLLO;;;;GRANGYS;;3.100,00;5;;15.500,00
;;;;;;Pág. 6 
;Stock Valorizado;;;;;;;;;;11/7/2026
;Código;Descripción;;;;Marca;Costo;;Stock;St.Valorizado
;7790360982445;BOCADITOS DE POLLO 400GS;;;;SWIFT;;3.018,00;9;;27.162,00
;402;BOLIGOMA CHICA KEYROAD;;;;;;400,00;24;;9.600,00
;7798413490299;BOLSA DE RESIDUOS 45 X 60 ;;;;NUVIA;;1.220,00;1;;1.220,00
;7794000004887;BOLSA P/ HJORNO;;;;KNORR;;1.250,00;1;;1.250,00
;7790150497906;BOLSA P/ HORNO;;;;ALICANTE;;1.320,00;2;;2.640,00
;7790150497852;BOLSA P/ HORNO;;;;ALICANTE;;1.320,00;6;;7.920,00
;27798009740425;BOLSAS DE CONSORCIO 60X90;;;;EL GLADIADOR;;900,00;63;;56.700,00
;7790117000019;BOLSAS DE RESIDUOS;;;;ASURIN;;750,00;2;;1.500,00
;7794459002823;BOLSAS DE RESIDUOS 45X60;;;;SON BUENAS;;700,00;1;;700,00
;7798247709307;BOLSAS DE RESIDUOS 45X60;;;;NOBLEZA;;1.147,00;3;;3.441,00
;7794459000287;BOLSAS DE RESIDUOS 60X90;;;;SON BUENAS;;1.002,00;2;;2.004,00
;7794459004193;BOLSAS DE RESIDUOS 90X120;;;;SON BUENAS;;2.000,00;2;;4.000,00
;0032;BOMBACHA BEBE;;;;;;1.000,00;3;;3.000,00
;7791625012006;BOMBILLA RECTA;;;;EXTRALIMP;;3.000,00;1;;3.000,00
;405;BOMBON DE FRUTA;;;;;;350,00;24;;8.400,00
;406;BOMBON FRUTILLA C/CABITO;;;;;;200,00;33;;6.600,00
;430;BOMBON HELADO ET VERDE;;;;BLANCA NIEVES;;400,00;1000;;400.000,0
;;;;;;;;;;;0
;7790580119126;BOMBONES EN CAJA;;;;ARCOR;;6.000,00;1;;6.000,00
;78909434;BOMBONES X 3 UN;;;;FERRERO ROCHER;;2.000,00;14;;28.000,00
;77961815;BON BON;;;;ARCOR;;360,00;35;;12.600,00
;117622201420048;BONBON MILKA;;;;MILKA;;396,00;13;;5.148,00
;7792798007493;BRAHMA BOTELLA;;;;BRAHMA;;2.600,00;3;;7.800,00
;7792798005888;BRAHMA LATA;;;;BRAHMA;;1.500,00;2;;3.000,00
;7798037260056;BRILLAPISO 1 L;;;;MECHUDITO;;2.850,00;4;;11.400,00
;426;BRILLAPISO SUELTO;;;;;;2.500,00;10;;25.000,00
;7793462000017;BROCHE DE MADERA PARA ROPA;;;;PINCILISTO;;896,00;2;;1.792,00
;0038;BROCHE P/PELO;;;;;;1.000,00;2;;2.000,00
;7791625004964;BROCHES DE MADERA;;;;ECOOOO;;700,00;8;;5.600,00
;7791625000263;BROCHES DE PLASTICO;;;;EXTRALIMP;;900,00;2;;1.800,00
;7794321882003;BROCHES DE PLASTICO;;;;TASK;;1.239,00;2;;2.478,00
;7790040152977;BUDIN AGUILA;;;;AGUILA;;3.500,00;5;;17.500,00
;7790040152960;BUDIN COFLER;;;;COFLER;;3.500,00;6;;21.000,00
;7790040127227;BUDIN CON FRUTAS;;;;BAGLEY;;3.000,00;6;;18.000,00
;7792360096177;BUDIN DE LIMON;;;;BONAFIDE;;1.171,00;1;;1.171,00
;7790040127197;BUDIN MARMOLADO;;;;ARCOR;;3.000,00;6;;18.000,00
;7790040140318;BUDIN RELENO;;;;BAGLEY;;2.274,00;4;;9.096,00
;7790040127203;BUDIN SIN FRUTAS;;;;BAGLEY;;2.400,00;1;;2.400,00
;7790040127173;BUDIN SINN FRUTAS ;;;;ARCOR;;2.500,00;6;;15.000,00
;7792798013357;BUDWEISER 710 ML;;;;;;2.500,00;4;;10.000,00
;7793147001056;BUDWEISER BOTELLA;;;;BUDWEISER;;3.200,00;15;;48.000,00
;7793147118822;BUDWEISER LATA;;;;BUDWEISER;;1.500,00;7;;10.500,00
;7790580138585;CABALLA AL NATURAL;;;;LA CAMPAGNOLA;;2.500,00;3;;7.500,00
;;;;;;Pág. 7 
;Stock Valorizado;;;;;;;;;;11/7/2026
;Código;Descripción;;;;Marca;Costo;;Stock;St.Valorizado
;7792750000340;CABALLA EN ACEITE;;;;MARBELLA;;4.000,00;1;;4.000,00
;7790645002059;CABALLA EN ACEITE;;;;CARACAS;;3.000,00;10;;30.000,00
;7798121880474;CABALLA EN ACEITE;;;;SAN REMO;;1.750,00;3;;5.250,00
;7790580138578;CABALLA EN ACEITE;;;;LA CAMPAGNOLA;;2.300,00;3;;6.900,00
;7790748235064;CABALLA EN ACEITE;;;;PUGLISI;;2.500,00;4;;10.000,00
;7622201818609;CADBURY 25G;;;;;;2.050,00;5;;10.250,00
;7622201818654;CADBURY 29 G;;;;;;2.050,00;2;;4.100,00
;77990112;CAFE AL COÑAC PETACA;;;;TRES PLUMAS;;2.000,00;1;;2.000,00
;7790070933645;CAFE INSTANTANEO 100G;;;;ARLISTAN;;3.000,00;1;;3.000,00
;7790170904798;CAFE INSTANTANEO 100GS;;;;LA MORENITA;;3.810,00;3;;11.430,00
;8445290271051;CAFE INSTANTANEO 170 GS;;;;DOLCA;;4.500,00;3;;13.500,00
;7790150100677;CAFE INSTANTANEO 50 GS;;;;LA VIRGINIA;;2.234,00;2;;4.468,00
;7790070933652;CAFE INSTANTANEO 50G;;;;ARLISTAN;;2.000,00;2;;4.000,00
;7790150006320;CAFE MOLIDO 250 GS;;;;LA VIRGINIA;;3.949,00;2;;7.898,00
;8445290271037;CAFE SUAVE INSTANTANEO 50 GS;;;;DOLCA;;3.650,00;3;;10.950,00
;7790150101667;CAFE SUAVE INSTANTANEO 50 GS;;;;LA VIRGINIA;;2.800,00;2;;5.600,00
;7792750000333;CALAMARES EN ACEITE;;;;MARBELLA;;2.150,00;2;;4.300,00
;7794000008540;CALDOS  DE GALLINA CAJA;;;;KNORR;;1.800,00;1;;1.800,00
;7794000008533;CALDOS DE CARNE;;;;KNORR;;1.800,00;10;;18.000,00
;7790202000610;CALKAMARES EN ACEITE;;;;PENNISI;;3.600,00;2;;7.200,00
;77988041;CAMEL 12 BOX;;;;;;2.000,00;2;;4.000,00
;77977236;CAMEL 20 COMVERTIBLE BOX;;;;;;0,00;4;;0,00
;77990914;CAMEL 20 LEGEND;;;;;;2.000,00;6;;12.000,00
;7791290795280;CAMELLITO ROPA FINA 450 ML;;;;ALA;;1.400,00;1;;1.400,00
;7791200000565;CAMPARI 450 ML;;;;;;5.100,00;1;;5.100,00
;7793253002527;CANASTA P/INODORO;;;;POETT;;2.150,00;7;;15.050,00
;7791290794191;CANASTA P/INODORO;;;;VIM;;1.350,00;4;;5.400,00
;7791290794184;CANASTA P/INODORO;;;;VIM;;0,00;1;;0,00
;7791290794177;CANASTA P/INODORO;;;;VIM;;0,00;1;;0,00
;7790150436080;CANELA EN RAMA;;;;ALICANTE;;1.250,00;1;;1.250,00
;7798094010069;CANELA EN RAMA ;;;;ALICANTE;;600,00;1;;600,00
;7798094010229;CANELA MOLIDA;;;;AROMAS DEL;;0,00;4;;0,00
;7790198000243;CANELA MOLIDA 25 GS ;;;;GALVANMONTE;;1.000,00;10;;10.000,00
;7791664001016;CAPELLETTIS KG CARNE;;;;LA ITALIANA;;3.221,00;38;;0122.398,0
;77987655;CARAMELOS HALLS MENTOL;;;;;;366,00;10;;3.660,00
;77905291;CARAMELOS HALLS MIEL;;;;;;366,00;11;;4.026,00
;77986283;CARAMELOS HALLS STRONG;;;;;;366,00;8;;2.928,00
;7798145007383;CARGADOR MICRO USB;;;;;;3.610,00;1;;3.610,00
;7798145008991;CARGADOR MICRO USB;;;;DINAX;;3.200,00;1;;3.200,00
;7798420700039;CASIMIRO MALBEC;;;;CASIMIRO;;8.000,00;6;;48.000,00
;7798420700060;CASIMIRO VINO BONARDA;;;;CASIMIRO;;7.000,00;6;;42.000,00
;210400050000;CBX  PIOJITOS P/PELO;;;;;;1.357,00;2;;2.714,00
;;;;;;Pág. 8 
;Stock Valorizado;;;;;;;;;;11/7/2026
;Código;Descripción;;;;Marca;Costo;;Stock;St.Valorizado
;210400040000;CBX ACCESORIOS /PELO;;;;;;1.250,00;2;;2.500,00
;210400020000;CBX ACCESORIOS P/PELO;;;;;;1.000,00;1;;1.000,00
;7798138555433;CELENTANO;;;;STA ISABEL;;550,00;9;;4.950,00
;6910021007206;CEPILLO DE DIENTE ;;;;COLGATE;;750,00;7;;5.250,00
;5900273001566;CEPILLO DE DIENTES;;;;COLGATE;;900,00;2;;1.800,00
;6970559480100;CEPILLO DE DIENTES NIÑO;;;;COZYHH;;800,00;5;;4.000,00
;7798143244025;CEPILLO DE MANO CON MANIJA;;;;MAPUCHE;;1.616,00;3;;4.848,00
;7791625004377;CEPILLO P/ AUTOS                            ;;;;EXTRALIMP;;1.300,00;3;;3.900,00
;7798331852728;CEPILLO P/ PELO;;;;;;2.200,00;1;;2.200,00
;7792459004090;CEPILLO P/AUTO;;;;LA GAUCHITA;;1.450,00;1;;1.450,00
;7798136492471;CEPILLO P/PELO;;;;;;2.200,00;1;;2.200,00
;7790895009846;CEPITA 1 L DURAZNO BOTELLA;;;;COCA COLA;;1.900,00;3;;5.700,00
;700;CEPITA 200 CC ;;;;COCA COLA;;415,00;2;;830,00
;7790895641800;CEPITA NARANJA 1,5L;;;;COCA COLA;;2.500,00;6;;15.000,00
;7794728041171;CERA DEPILATORIA;;;;DEPIMANIA;;3.000,00;2;;6.000,00
;7794728041270;CERA DEPILATORIA;;;;DEPIMANIA;;3.000,00;3;;9.000,00
;7790380020318;CERAEL;;;;GEORGALOS;;400,00;9;;3.600,00
;7790380020028;CEREAL;;;;GEORGALOS;;400,00;4;;1.600,00
;7790380020240;CEREAL;;;;GEORGALOS;;400,00;17;;6.800,00
;7790380020332;CEREAL;;;;GEORGALOS;;400,00;3;;1.200,00
;7790380014928;CEREAL;;;;GEORGALOS;;420,00;50;;21.000,00
;7790580142414;CEREAL BAÑADO 50 GS;;;;ARCOR;;2.500,00;45;;112.500,0
;;;;;;;;;;;0
;77965370;CEREAL MIX;;;;ARCOR;;406,00;3;;1.218,00
;77915818;CEREAL MIX;;;;ARCOR;;406,00;2;;812,00
;77916501;CEREAL MIX;;;;ARCOR;;406,00;2;;812,00
;7790045001584;CEREALES S/AZUCAR;;;;GRANIX;;1.200,00;2;;2.400,00
;7792798013951;CERVEZA LATA 1890;;;;QUILMES;;1.300,00;119;;154.700,0
;7792798013470;CERVEZA S/ALCOHOL;;;;STELLA ARTOIS;;720,00;3;;2.160,000
;7791560132838;CHAMPAGNE MUMM;;;;MUMM;;4.200,00;4;;16.800,00
;7795933204078;CHAMPIGNONES ENTEROS;;;;BAHIA;;1.800,00;2;;3.600,00
;77953483;CHESTER 10 COMUN;;;;;;1.260,00;1;;1.260,00
;7797470007303;CHIMICHURRI AHUMADO;;;;MAROLIO;;1.300,00;1;;1.300,00
;7797470007280;CHIMICHURRI CLASICO;;;;MAROLIO;;1.750,00;1;;1.750,00
;27797470007297;CHIMICHURRI PICANTE;;;;MAROLIO;;1.650,00;2;;3.300,00
;7790127781014;CHIMICHURRI PICANTE 190 ML;;;;VANOLI;;1.050,00;2;;2.100,00
;7790580103378;CHOCLATE BLANCO 27 GS;;;;ARCOR;;1.300,00;4;;5.200,00
;7790790120837;CHOCLO CREMOSO LATA;;;;INCA;;750,00;3;;2.250,00
;7792350067040;CHOCLO CREMOSO LATA;;;;INALPA;;540,00;2;;1.080,00
;7798138551305;CHOCLO EN GRANO;;;;MOLTO;;950,00;3;;2.850,00
;7791109631716;CHOCLO EN GRANO LATA;;;;TAEQ;;850,00;4;;3.400,00
;7798121880160;CHOCLO EN LATA;;;;SAN REMO;;900,00;6;;5.400,00
;7790070418203;CHOCOARROZ;;;;GALLO;;600,00;62;;37.200,00
;;;;;;Pág. 9 
;Stock Valorizado;;;;;;;;;;11/7/2026
;Código;Descripción;;;;Marca;Costo;;Stock;St.Valorizado
;7791337007253;CHOCOLATADA 1L CINDOR;;;;CINDOR;;2.500,00;1;;2.500,00
;7622201807405;CHOCOLATE  ALMENDRAS 82G;;;;CADBURY;;3.850,00;3;;11.550,00
;7790380024194;CHOCOLATE 25 GS;;;;GEORGALOS;;485,00;10;;4.850,00
;7790380024217;CHOCOLATE 25 GS;;;;GEORGALOS;;485,00;10;;4.850,00
;7792360095002;CHOCOLATE 50 GS;;;;VIZZIO;;14.550,00;3;;43.650,00
;7790580103538;CHOCOLATE 55 GS;;;;COFLER;;2.000,00;2;;4.000,00
;7790580103484;CHOCOLATE 55 GS LECHE;;;;COFLER;;2.000,00;3;;6.000,00
;7790580103521;CHOCOLATE 55 GS ROCKLETS;;;;COFLER;;2.000,00;3;;6.000,00
;7790580106560;CHOCOLATE 55 GS TRES PLAC;;;;COFLER;;2.000,00;3;;6.000,00
;7899970401657;CHOCOLATE 85 GS ORIGINAL;;;;HERSHEYS;;2.000,00;1;;2.000,00
;7791249451656;CHOCOLATE 90G;;;;SHOT;;0,00;2;;0,00
;7792360095071;CHOCOLATE 90GS;;;;VIZZIO;;1.800,00;3;;5.400,00
;7622210745583;CHOCOLATE AIREADO 55 GS;;;;MILKA;;3.450,00;12;;41.400,00
;7792360095064;CHOCOLATE BLANCO;;;;VIZZIO;;1.450,00;1;;1.450,00
;7790580607418;CHOCOLATE BLANCO 25 GS;;;;ARCOR;;680,00;10;;6.800,00
;7790580103415;CHOCOLATE BLANCO 55 GS;;;;ARCOR;;2.800,00;2;;5.600,00
;77958563;CHOCOLATE BOCADITO;;;;ARCOR;;250,00;1;;250,00
;7790580127145;CHOCOLATE BON O BON 30GS;;;;ARCOR;;1.300,00;4;;5.200,00
;7790580115562;CHOCOLATE BON O BON 67 GS;;;;ARCOR;;2.800,00;2;;5.600,00
;7792360094524;CHOCOLATE C/ALMENDRA S 35 GS;;;;VIZZIO;;850,00;2421;;2.057.850,
;7790580103439;CHOCOLATE C/ALMENDRAS 55 GS;;;;ARCOR;;2.800,00;1;;2.800,0000
;7790580103361;CHOCOLATE C/LECHE 27 GS;;;;ARCOR;;1.300,00;4;;5.200,00
;7790580033408;CHOCOLATE C/LECHE 55 GS;;;;ARCOR;;2.800,00;5;;14.000,00
;7792360095019;CHOCOLATE C/LECHE 90 GS;;;;VIZZIO;;1.800,00;2;;3.600,00
;7792360094500;CHOCOLATE C/MANI 35 GS;;;;VIZZIO;;720,00;12;;8.640,00
;7792360094548;CHOCOLATE C/MANI 85 GS;;;;VIZZIO;;1.450,00;4;;5.800,00
;47622201818951;CHOCOLATE COMBINADO 50 G;;;;MILKA;;0,00;2;;0,00
;7790580124960;CHOCOLATE CON MANI 25 GS;;;;ARCOR;;860,00;10;;8.600,00
;7790380024750;CHOCOLATE FULL MANI 100 GS;;;;GEORGALOS;;2.000,00;5;;10.000,00
;7790380005438;CHOCOLATE FULL MANI 160 GS;;;;GEORGALOS;;3.000,00;6;;18.000,00
;7790380024408;CHOCOLATE FULL MANI 35 GS;;;;GEORGALOS;;650,00;9;;5.850,00
;7790380025177;CHOCOLATE FULL MANI 35 GS;;;;GEORGALOS;;658,00;23;;15.134,00
;7790380042167;CHOCOLATE LECHE Y MANI 70 GS;;;;DAQUI;;1.500,00;32;;48.000,00
;7790580103385;CHOCOLATE MIXTO 27 GS;;;;ARCOR;;1.300,00;5;;6.500,00
;7790580103422;CHOCOLATE MIXTO 55 GHS;;;;ARCOR;;2.800,00;3;;8.400,00
;7790580607210;CHOCOLATE NEGRO 25 GS;;;;ARCOR;;680,00;10;;6.800,00
;7790206506965;CHOCOLATE NOBEL;;;;;;1.800,00;1;;1.800,00
;7790380825067;CHOCOLATE P/ TAZA;;;;SUCHARD;;2.200,00;2;;4.400,00
;7790407031273;CHOCOLATE P/TAZA 150 GS;;;;AGUILA;;4.500,00;2;;9.000,00
;7792430609719;CHOCOLATE PARA TAZA;;;;BOMBONETT;;1.000,00;31;;31.000,00
;7790380025061;CHOCOLATE PASTA DE MANI 140 GS;;;;GEORGALOS;;2.000,00;5;;10.000,00
;7790380025276;CHOCOLATE RELLENO FM 35 GS;;;;GEORGALOS;;658,00;10;;6.580,00
;;;;;;Pág. 10 
;Stock Valorizado;;;;;;;;;;11/7/2026
;Código;Descripción;;;;Marca;Costo;;Stock;St.Valorizado
;107790380024521;CHOCOLATE SIN TACC 70GS;;;;GEORGALOS;;2.500,00;10;;25.000,00
;7790580116842;CHOCOLATE TOFI 70GS;;;;ARCOR;;2.800,00;3;;8.400,00
;7622201818579;CHOCOLATE TRES SUEÑOS 25G;;;;CADBURY;;2.200,00;2;;4.400,00
;7622201818715;CHOCOLATE YOGURT FRUTILLA 82G;;;;CADBURY;;3.850,00;3;;11.550,00
;7790040143241;CHOCOLINAS 100GS;;;;BAGLEY;;850,00;6;;5.100,00
;7790040143227;CHOCOLINAS 170 GS;;;;BAGLEY;;2.000,00;3;;6.000,00
;7790040143234;CHOCOLINAS 250 GS;;;;BAGLEY;;1.800,00;1;;1.800,00
;7790150830444;CHOCOLINO 180 GS;;;;LA VIRGINIA;;1.600,00;2;;3.200,00
;7790150830468;CHOCOLINO 360 GS;;;;LA VIRGINIA;;2.300,00;2;;4.600,00
;7791290795785;CIF DESINFECTANTE LAVANDA;;;;CIF;;2.500,00;1;;2.500,00
;0025;CINTA P/ CURAR;;;;;;400,00;3;;1.200,00
;7798350590014;CINTA PAPEL;;;;;;1.350,00;1;;1.350,00
;7790198000380;CLAVO DE OLOR;;;;GALVAN;;500,00;2;;1.000,00
;7622300990732;CLUB SOCIAL CLASICA;;;;MONDELEZ;;400,00;10;;4.000,00
;167790895001413;COCA COLA 1 L DESC;;;;COCA COLA;;2.000,00;2200;;4.400.000,
;7790895068164;COCA COLA 2,5 L RETORNABLE;;;;COCA COLA;;3.000,00;6;;18.000,0000
;0016;COCA COLA 237 CC VIDRIO;;;;COCA COLA;;1.000,00;5;;5.000,00
;7790895000782;COCA COLA 500 ML;;;;COCA COLA;;1.100,00;18;;19.800,00
;7790895067532;COCA COLA 500 ML S/AZ;;;;COCA COLA;;1.000,00;3;;3.000,00
;7790895067570;COCA COLA ZERO  2,5 L DESC;;;;COCA COLA;;4.000,00;2;;8.000,00
;7790895005374;COCA DE VIRIO RET 1,25 L;;;;COCA COLA;;2.000,00;47;;94.000,00
;7790895067617;COCA ZERO 2 L RETORNABLE;;;;COCA COLA;;2.500,00;4;;10.000,00
;7790070342058;CODITO;;;;FAVORITA;;700,00;1;;700,00
;7790070318343;CODITO;;;;LUCCHETTI;;950,00;3;;2.850,00
;7798141970391;CODOS;;;;PROVIDENCIA;;800,00;2;;1.600,00
;7790580139797;COFLER MAX 100 GS;;;;ARCOR;;4.500,00;95;;427.500,0
;7798094010038;COMINO MOLIDO;;;;AROMAS DEL;;300,00;35;;10.500,000
;7798094010045;CONDIMENTO P/ PIZZA;;;;AROMAS DELMONTE;;500,00;10;;5.000,00
;;;;;;MONTE
;7790150497487;CONDIMENTO P/ VEG;;;;ALICANTE;;600,00;1;;600,00
;7790580135737;CONDIMENTO P/PIZZA;;;;LA CAMPAGNOLA;;800,00;3;;2.400,00
;00199;CONDIMENTOS SUELTOS;;;;;;0,00;100;;0,00
;7790380037828;CONFITE DE MANI 80 GS;;;;GEORGALOS;;1.200,00;79;;94.800,00
;7792798003709;CORONA  330 ML;;;;;;2.500,00;9;;22.500,00
;7792798012435;CORONA LATA 410 CM;;;;CORONA;;2.500,00;6;;15.000,00
;7794184400222;CORTINA ANTIMOSCA;;;;DANFORTH;;2.300,00;3;;6.900,00
;7794640173066;CREMA 125 ML;;;;HINDS ;;3.000,00;2;;6.000,00
;7794640173073;CREMA 250ML;;;;HINDS ;;2.950,00;1;;2.950,00
;62210613;CREMA 75 ML;;;;HINDS ;;2.200,00;2;;4.400,00
;7791274004407;CREMA CORPORAL;;;;ALGABO;;2.100,00;2;;4.200,00
;4005900984609;CREMA CORPORAL 120 GS;;;;NIVEA;;3.300,00;2;;6.600,00
;7791274004414;CREMA CORPORAL 200 ML;;;;ALGABO;;2.100,00;2;;4.200,00
;7798001560175;CREMA DE LECHE;;;;CREMIGAL;;1.552,00;6;;9.312,00
;;;;;;Pág. 11 
;Stock Valorizado;;;;;;;;;;11/7/2026
;Código;Descripción;;;;Marca;Costo;;Stock;St.Valorizado
;7794820903186;CREMA DE LECHE 200  GS ;;;;MILKAUT;;2.216,00;3;;6.648,00
;7795793102255;CREMA DE LECHE 200 CC;;;;RAMOLAC;;1.500,00;2;;3.000,00
;7798321150599;CREMA DE LECHE 200 GS;;;;LECHELITA;;1.500,00;7;;10.500,00
;7798125320150;CREMA DE LECHE 200GS;;;;COLONIA ORCOVI;;0,00;3;;0,00
;4005800137679;CREMA LATA;;;;NIVEA;;2.100,00;3;;6.300,00
;7790580326500;CROCANTE DE MANI 80 GS;;;;ARCOR;;1.425,00;6;;8.550,00
;7791762255106;CUADERNO AVON;;;;;;2.100,00;5;;10.500,00
;754697494481;CUBANITO;;;;;;700,00;4;;2.800,00
;7791540999147;DADA CARAMELO;;;;FINCA LAS MORAS;;3.660,00;6;;21.960,00
;7798141971114;DEDAL;;;;PROVIDENCIA;;644,00;2;;1.288,00
;7798141970421;DEDALITOS;;;;PROVIDENCIA;;644,00;1;;644,00
;7791290796362;DESINFECTANTE FLORAL;;;;CIF;;2.500,00;2;;5.000,00
;7791290795747;DESINFECTANTE GATILLO;;;;CIF;;1.950,00;1;;1.950,00
;78944855;DESODORANTE A BOLILLA;;;;REXONA;;1.800,00;1;;1.800,00
;78944800;DESODORANTE A BOLILLA;;;;REXONA;;1.800,00;4;;7.200,00
;78944794;DESODORANTE A BOLILLA INV,;;;;REXONA;;1.800,00;2;;3.600,00
;77976239;DESODORANTE A BOLILLA ORIG;;;;DOVE;;2.000,00;2;;4.000,00
;7791600060473;DESODORANTE CHESTER HICE;;;;;;2.860,00;1;;2.860,00
;7793253004231;DESODORANTE DE AMBIENTE;;;;POETT;;1.981,00;5;;9.905,00
;7790520028792;DESODORANTE DE AMBIENTE;;;;GLADE;;1.850,00;1;;1.850,00
;7790520028822;DESODORANTE DE AMBIENTE;;;;GLADE;;1.900,00;1;;1.900,00
;7793253004316;DESODORANTE DE AMBIENTE;;;;POETT;;2.051,00;3;;6.153,00
;7790520028839;DESODORANTE DE AMBIENTE HARM.;;;;GLADE;;1.900,00;1;;1.900,00
;7790520028778;DESODORANTE DE AMBIENTE I LOVE;;;;GLADE;;1.900,00;1;;1.900,00
;7790520028730;DESODORANTE DE AMBIENTE LAV;;;;GLADE;;2.000,00;2;;4.000,00
;7791600173357;DESODORANTE PACO;;;;;;2.400,00;1;;2.400,00
;7506306249974;DESODORANTE SPRAY;;;;AXE;;2.000,00;1;;2.000,00
;7791293051031;DESODORANTE SPRAY;;;;AXE;;2.000,00;1;;2.000,00
;7791600571641;DESODORANTE SPRAY;;;;PINO COLBERT;;3.973,00;1;;3.973,00
;7791293025780;DESODORANTE SPRAY;;;;AXE;;2.700,00;1;;2.700,00
;7791600030346;DESODORANTE SPRAY;;;;CIEL;;2.200,00;1;;2.200,00
;7791600174651;DESODORANTE SPRAY ;;;;COLBERT NOIR;;2.700,00;1;;2.700,00
;7791600742584;DESODORANTE SPRAY 250 ML;;;;COLBERT SPACE;;3.900,00;1;;3.900,00
;7791600192488;DESODORANTE SPRAY 250 ML;;;;COLBERT;;3.973,00;2;;7.946,00
;7791600187378;DESODORANTE SPRAY 250ML;;;;COLBERT CODE;;3.950,00;2;;7.900,00
;7791600962371;DESODORANTE SPRAY ROSE;;;;CIEL;;2.200,00;2;;4.400,00
;7792655000032;DESTAPACAÑERIAS;;;;MAVAX;;3.150,00;2;;6.300,00
;423;DESTAPACAÑERIAS 1 L;;;;;;1.283,00;6;;7.698,00
;7795587000576;DESTAPADOR;;;;;;1.800,00;2;;3.600,00
;7790828002517;DETEREGENTE 273 ML;;;;GIGANTE;;1.000,00;1;;1.000,00
;7791290794290;DETEREGENTE 300 ML;;;;ALA;;1.200,00;4;;4.800,00
;7791290794283;DETEREGNTE 500 ML;;;;ALA;;1.500,00;1;;1.500,00
;;;;;;Pág. 12 
;Stock Valorizado;;;;;;;;;;11/7/2026
;Código;Descripción;;;;Marca;Costo;;Stock;St.Valorizado
;7798238110648;DETERGENTE  300 ML;;;;DUFT;;800,00;4;;3.200,00
;7790828002500;DETERGENTE 273 ML;;;;GIGANTE;;1.000,00;1;;1.000,00
;7790828002494;DETERGENTE 273 ML ;;;;GIGANTE;;1.000,00;1;;1.000,00
;7797290194313;DETERGENTE 300 ML;;;;ALA;;900,00;2;;1.800,00
;7790990001622;DETERGENTE 300 ML;;;;ZORRO;;900,00;6;;5.400,00
;7791290794054;DETERGENTE 300 ML LIMON;;;;CIF;;1.378,00;4;;5.512,00
;7790990999882;DETERGENTE 300 ML NARANJA;;;;ZORRO;;900,00;9;;8.100,00
;7790990003374;DETERGENTE 300 ML PLATINUM;;;;MAGISTRAL;;1.500,00;6;;9.000,00
;7791290794306;DETERGENTE 500 ML;;;;ALA;;1.500,00;1;;1.500,00
;7791905024828;DETERGENTE 500 ML;;;;ODEX;;1.450,00;2;;2.900,00
;7798238110662;DETERGENTE 500 ML;;;;DUFT;;1.100,00;1;;1.100,00
;7798238110860;DETERGENTE 500 ML;;;;DUFT;;1.000,00;4;;4.000,00
;7793699045430;DETERGENTE ALOE 750 ML;;;;ESCENCIAL;;1.000,00;2;;2.000,00
;429;DETERGENTE C15;;;;LA MARINA;;1.700,00;6;;10.200,00
;7791290796348;DETERGENTE REPUESTO 450 ML;;;;CIF;;1.500,00;2;;3.000,00
;7793699045409;DETERGENTE ROSA 750 ML;;;;ESCENCIAL;;1.000,00;2;;2.000,00
;7790828002524;DETREGENTE 273 ML ,;;;;GIGANTE;;1.000,00;1;;1.000,00
;7790990003022;DETREGENTE 300 ML;;;;MAGISTRAL;;1.700,00;9;;15.300,00
;0031;DIFUSOR;;;;;;9.000,00;1;;9.000,00
;7791913000791;DOBLE COLA -COLA 3 L;;;;DOBLE COLA;;1.260,00;2;;2.520,00
;7791913005246;DOBLE COLA 3 L LIMA;;;;DOBLE COLA;;1.400,00;5;;7.000,00
;7791913005567;DOBLE COLA POMELO 3 L;;;;DOBLE COLA;;1.400,00;5;;7.000,00
;77907509;DOS CORAZONES;;;;FEL FORT;;1.100,00;12;;13.200,00
;7790950133691;DR LEMON;;;;DR LEMON;;2.000,00;1;;2.000,00
;7790950202816;DR LEMON LATA;;;;;;1.000,00;4;;4.000,00
;7790950134100;DR LEMON LIMON;;;;DR LEMON;;2.500,00;2;;5.000,00
;7792350067118;DUETO D ARVEJAS Y CHOCLO;;;;INALPA;;700,00;4;;2.800,00
;7798125320341;DULCE DE LECHE 200 GS;;;;COLONIA ORCOVI;;1.000,00;3;;3.000,00
;7790787153657;DULCE DE LECHE 200 GS;;;;ILOLAY;;1.300,00;1;;1.300,00
;7790742625106;DULCE DE LECHE 250 GS;;;;LA SERENISIMA;;1.970,00;2;;3.940,00
;7791058000137;DULCE DE LECHE 250 GS;;;;MANFREY;;1.250,00;1;;1.250,00
;7790742104809;DULCE DE LECHE 250 GS;;;;LA SERENISIMA;;2.200,00;1;;2.200,00
;7798060853317;DULCE DE LECHE 250 GS,;;;;TONADITA;;1.100,00;1400;;1.540.000,
;;;;;;;;;;;00
;7792860001404;DULCE DE LECHE 400 GS;;;;LHERITIER;;1.780,00;1;;1.780,00
;7790742625205;DULCE DE LECHE COLONIAL;;;;LA SERENISIMA;;2.300,00;2;;4.600,00
;7790787000654;DULCE DE LECHE REPOSTERO 1 KG;;;;ILOLAY;;6.115,00;2;;12.230,00
;00178;DULCE DE MEMBRILLO;;;;;;0,00;5;;0,00
;7798022220720;DURAZNO EN LATA ;;;;SAN REMO;;1.700,00;2;;3.400,00
;7797470000854;DURAZNO EN LATA 820 GS;;;;MAROLIO;;1.650,00;9;;14.850,00
;7792129004535;EDULCORANTE 200 ML;;;;CHUKER;;1.300,00;2;;2.600,00
;7790490001795;EDULCORANTE 250ML;;;;BARNY;;1.500,00;1;;1.500,00
;7792129004542;EDULCORANTE 400 ML;;;;CHUKER;;1.900,00;4;;7.600,00
;;;;;;Pág. 13 
;Stock Valorizado;;;;;;;;;;11/7/2026
;Código;Descripción;;;;Marca;Costo;;Stock;St.Valorizado
;7790490998309;EDULCORANTE 500 ML;;;;;;3.100,00;2;;6.200,00
;7790490001788;EDULCORANTE 500 ML;;;;BARNY;;2.850,00;2;;5.700,00
;7791254000306;EDULCORANTE X 100 UN;;;;JUMALA;;1.800,00;3;;5.400,00
;7792129000742;EDULCORANTE X 50 UN;;;;EQUAL SWEET;;1.700,00;1;;1.700,00
;070330909229;ENCENDEDOR BIC GRANDE;;;;;;1.300,00;13;;16.900,00
;0029;ENCENDEDOR CLICK;;;;;;400,00;19;;7.600,00
;7798370511204;ENCENDEDOR ECONOMICO;;;;;;400,00;4;;1.600,00
;070330913431;ENCENDEDOR MINI BIC;;;;;;1.200,00;1;;1.200,00
;303;ENCENDEDOR MINI BIC;;;;;;1.000,00;1;;1.000,00
;7509546686349;ENJUAGUE BUCAL;;;;COLGATE;;2.790,00;1;;2.790,00
;00165;ESCOBA ECONOMICA;;;;;;2.500,00;1;;2.500,00
;7794440007035;ESCOBILLON;;;;VIRULANA ;;2.900,00;199;;577.100,0
;7791625001703;ESCOBILLON ;;;;ECOOOO;;1.700,00;1;;1.700,000
;202;ESCOBILLON  GRANDE;;;;;;2.950,00;3;;8.850,00
;4177819121502839;ESPEJO REDONDO;;;;;;3.900,00;1;;3.900,00
;7791905002338;ESPIRAL X 12 UN;;;;MOSQUITRAP;;1.500,00;9;;13.500,00
;413;ESPIRALES SUELTOS;;;;RAID;;300,00;20;;6.000,00
;7790520010452;ESPIRALES X 12 UN;;;;RAID;;2.000,00;4;;8.000,00
;7790520029089;ESPIRALES X 12 UN;;;;RAID;;2.000,00;3;;6.000,00
;7790520010445;ESPIRALES X 12 UN ;;;;RAID;;1.700,00;17;;28.900,00
;7790520010469;ESPIRALES X 4 UN;;;;RAID;;500,00;7;;3.500,00
;3067793253092276;ESPONJA AMARILLA;;;;MORTIMER;;990,00;4;;3.960,00
;7791625000027;ESPONJA AMARILLA;;;;EXTRALIMP;;300,00;8;;2.400,00
;7794321072022;ESPONJA AMARILLA LISA;;;;TASK;;450,00;6;;2.700,00
;7794321003699;ESPONJA AMARILLA SALVA UÑAS;;;;TASK;;500,00;6;;3.000,00
;7790560000109;ESPONJA CIRCULOS;;;;SED METAL;;450,00;1;;450,00
;7794440003303;ESPONJA CUADRITOS;;;;VIRULANA ;;460,00;2;;920,00
;7798136925733;ESPONJA DE ACERO ;;;;MEDIA NARANJA;;700,00;3;;2.100,00
;7797470008904;ESPONJA DE ACERO GRANDE;;;;ESCENCIAL;;900,00;1;;900,00
;7794440018208;ESPONJA DE BAÑO;;;;;;1.000,00;4;;4.000,00
;7792459164008;ESPONJA DORADA;;;;LA GAUCHITA;;700,00;1;;700,00
;7798059384013;ESPONJA DORADA;;;;DEA;;400,00;2;;800,00
;7791625000119;ESPONJA DORADA;;;;EXTRALIMP;;500,00;2;;1.000,00
;7797470130049;ESPONJA DUNITA;;;;ESCENCIAL;;650,00;31;;20.150,00
;7791625000331;ESPONJA FIBRALIMP 100X60X35;;;;FIBRALIMP;;0,00;10;;0,00
;7794440000104;ESPONJA FUERTE;;;;VIRULANA ;;700,00;1;;700,00
;7794440000210;ESPONJA MULTIONDAS;;;;VIRULANA ;;617,00;10;;6.170,00
;7794440002399;ESPONJA PLATEADA;;;;VIRULANA ;;657,00;12;;7.884,00
;7791625004025;ESPONJA PLATEADA;;;;OK;;350,00;3;;1.050,00
;7791274000928;ESPUMA DE AFEITAR ;;;;ALGABO;;3.000,00;2;;6.000,00
;7702018053469;ESPUMA DE AFEITAR MENTOL 175 GS;;;;GILLETTE;;3.841,00;2;;7.682,00
;7500435219648;ESPUMA DE AFEITAR SENSITIVE;;;;GILLETTE;;3.841,00;2;;7.682,00
;;;;;;Pág. 14 
;Stock Valorizado;;;;;;;;;;11/7/2026
;Código;Descripción;;;;Marca;Costo;;Stock;St.Valorizado
;7791050000012;EXTRACTO DE TOMATE;;;;ALMAR;;850,00;2;;1.700,00
;7790070320940;FAJITAS ;;;;LUCCHETTI;;1.500,00;3;;4.500,00
;7790895000454;FANTA  NARANJA 1,5 L DESCARTABLE;;;;COCA COLA;;2.800,00;5;;14.000,00
;7790895001031;FANTA 2,25 L LIMON DESCARTABLE;;;;COCA COLA;;4.000,00;2;;8.000,00
;7790895000836;FANTA 500 ML;;;;COCA COLA;;1.100,00;8;;8.800,00
;7790895000089;FANTA LIMON 2 L RET;;;;COCA COLA;;2.500,00;6;;15.000,00
;7790895642432;FANTA MINI LATA;;;;COCA COLA;;700,00;2;;1.400,00
;7790895006128;FANTA VIDRIO 1,25 L;;;;COCA COLA;;2.000,00;10;;20.000,00
;7790400926910;FASTIX TRANSPARENTE;;;;;;3.917,00;2;;7.834,00
;7790290101473;FERNET MENTA;;;;BRANCA;;5.000,00;5;;25.000,00
;7790070432513;FGELATINA DE CEREZA;;;;EXQUISITA;;900,00;6;;5.400,00
;7797470199268;FIDEOS  CARACOLES ;;;;MAROLIO;;550,00;23;;12.650,00
;7797470008126;FIDEOS CABELLO DE ANGEL;;;;MAROLIO;;1.000,00;7;;7.000,00
;7798138552548;FIDEOS CELANTANO;;;;MOLTO;;500,00;15;;7.500,00
;7797470000908;FIDEOS CODITOS;;;;MAROLIO;;550,00;31;;17.050,00
;7797470000939;FIDEOS DEDALITO;;;;MAROLIO;;570,00;5;;2.850,00
;7798138552876;FIDEOS DOBLADITOS;;;;MOLTO;;1.100,00;4;;4.400,00
;7791664000163;FIDEOS FRESCOS;;;;LA ITALIANA;;2.034,00;1;;2.034,00
;7790070336071;FIDEOS MIX DE VEGETALES;;;;TERRABUSI;;1.000,00;3;;3.000,00
;7790580134822;FIDEOS MOÑOS;;;;ARCOR;;1.200,00;2;;2.400,00
;7797470199244;FIDEOS MOSTECHOL RAYADO;;;;MAROLIO;;550,00;9;;4.950,00
;7797470199329;FIDEOS RIGATTI;;;;MAROLIO;;550,00;10;;5.500,00
;7790070336002;FIDEOS S/ GLUTEN;;;;MATARAZZO;;1.850,00;1;;1.850,00
;7798138552364;FIDEOS TIRABUZON;;;;MOLTO;;700,00;1;;700,00
;7793978000037;FIDEOS VERDES 500 GS;;;;TORRENT;;900,00;3;;2.700,00
;7790070036506;FILET DE MERLUZA 500GS;;;;GRANJA DEL SOL;;5.530,00;10;;55.300,00
;419;FILTRO PARA CAFE SUELTO  ;;;;LA VIRGINIA;;100,00;40;;4.000,00
;7790150811061;FILTRO PARA CAFE X 40 UN;;;;LA VIRGINIA;;3.406,00;1;;3.406,00
;7790742321701;FINLANDIA CLASICO;;;;LA SERENISIMA;;2.000,00;1;;2.000,00
;7622201705268;FLAN DE VAINILLA;;;;ROYAL;;950,00;5;;4.750,00
;7790380028246;FLYN PAFF XXL;;;;;;250,00;6;;1.500,00
;7798347080900;FOCO 20 W;;;;CANDELA;;1.700,00;6;;10.200,00
;7798138555501;FORATTI;;;;STA ISABEL;;550,00;4;;2.200,00
;7790580134716;FORATTI;;;;LA CAMPAGNOLA;;1.100,00;1;;1.100,00
;7790927813243;FRANELA ;;;;MEDIA NARANJA;;1.500,00;3;;4.500,00
;7798061890359;FRANELA NARANJA;;;;ROMYL;;1.215,00;2;;2.430,00
;7798136920769;FRANELLA;;;;FIBRAN CLEAN;;1.000,00;2;;2.000,00
;7790070265333;FRITOLIM;;;;COCINERO;;2.600,00;1;;2.600,00
;7790070320803;FUSILLI;;;;LUCCHETTI;;950,00;2;;1.900,00
;7790040139183;GALLETA  CHOCOLATE;;;;POLVORITA;;400,00;2;;800,00
;7622201808860;GALLETA BOCA DE DAMA;;;;TERRABUSI;;1.100,00;5;;5.500,00
;7790040140943;GALLETA CEREAL MIX CHOCOLATE;;;;ARCOR;;1.100,00;5;;5.500,00
;;;;;;Pág. 15 
;Stock Valorizado;;;;;;;;;;11/7/2026
;Código;Descripción;;;;Marca;Costo;;Stock;St.Valorizado
;7798113159892;GALLETA CHOCOLATE;;;;DALE;;400,00;4;;1.600,00
;7790040127944;GALLETA COFLER;;;;ARCOR;;1.100,00;3;;3.300,00
;7790040116955;GALLETA COFLER;;;;COFLER;;1.300,00;6;;7.800,00
;7790045827054;GALLETA FRUTIGRAN AVENA;;;;GRANIX;;1.200,00;2;;2.400,00
;7790040139176;GALLETA FRUTILLA;;;;POLVORITA;;400,00;4;;1.600,00
;7798113151261;GALLETA FRUTILLA;;;;DALE;;350,00;1;;350,00
;7797470009833;GALLETA MAROLIO X 3 UN;;;;MAROLIO;;800,00;3;;2.400,00
;7790380023487;GALLETA MINI TODDY;;;;TODDY;;500,00;10;;5.000,00
;77903501;GALLETA OPERA;;;;BAGLEY;;432,00;4;;1.728,00
;7790380023432;GALLETA TODDY;;;;TODDY;;1.200,00;10;;12.000,00
;7798113151278;GALLETA VAINILLA;;;;;;400,00;4;;1.600,00
;7790040139169;GALLETA VAINILLA;;;;POLVORITA;;450,00;4;;1.800,00
;7790953000013;GALLETAS;;;;RICKS;;380,00;8;;3.040,00
;7622202241567;GALLETAS CEREALITAS;;;;MONDELEZ;;671,00;2;;1.342,00
;7798126073666;GALLETAS CRUNCHIPS  ROSADA;;;;GAONA;;600,00;9;;5.400,00
;7798126071693;GALLETAS CRUNCHIPS AZUL;;;;GAONA;;600,00;9;;5.400,00
;7798126074281;GALLETAS CRUNCHIPS POCKET;;;;GAONA;;600,00;9;;5.400,00
;7798126074199;GALLETAS CRUNCHIPS POCKET;;;;GAONA;;600,00;9;;5.400,00
;7790628000133;GALLETAS DE SALVADO 400 GS;;;;MAURI;;1.200,00;2;;2.400,00
;7790045000808;GALLETAS FRUTIGRAN PASAS;;;;GRANIX;;1.200,00;2;;2.400,00
;7790045000792;GALLETAS FRUTIGRAN SALVADO;;;;GRANIX;;1.200,00;1;;1.200,00
;7790040146877;GALLETAS MACUCAS;;;;;;0,00;3;;0,00
;7622201735906;GALLETAS PEPITOS ;;;;MONDELEZ;;1.200,00;3;;3.600,00
;7798141972371;GALLETAS PROVIDENCIA X 3;;;;PROVIDENCIA;;756,00;7;;5.292,00
;7791568006452;GALLETAS RELLENAS;;;;PAMELA;;500,00;5;;2.500,00
;7791568006469;GALLETAS RELLENAS CH;;;;PAMELA;;500,00;5;;2.500,00
;7791568000955;GALLETAS RELLENAS VAINILLA;;;;PAMELA;;500,00;5;;2.500,00
;7798443860192;GALLETAS SIN TACC;;;;PRAAT;;1.152,00;6;;6.912,00
;7622201503963;GALLETAS VARIEDAD 300 GS ;;;;TERRABUSI;;1.500,00;1;;1.500,00
;7790040146389;GALLETAS VOCACION;;;;;;600,00;4;;2.400,00
;7796613309267;GALLETAS X 5;;;;MYK;;1.200,00;9;;10.800,00
;7790950000191;GANCIA 450 ML;;;;GANCIA;;3.500,00;3;;10.500,00
;7790950146172;GANCIA LATA;;;;GANCIA;;1.500,00;1;;1.500,00
;7790790120325;GARBANZO LATA;;;;INCA;;700,00;7;;4.900,00
;7792350067071;GARBANZOZ EN LATA;;;;INALPA;;650,00;3;;1.950,00
;7790380011965;GARRAPIÑADA DE MANI 100GS;;;;GEORGALOS;;1.000,00;99;;99.000,00
;7790380037705;GARRAPIÑADA DE MANI 80 GS;;;;GEORGALOS;;700,00;50;;35.000,00
;7790580195809;GARRAPIÑADA DE MANI 80GS;;;;ARCOR;;600,00;10;;6.000,00
;7792360092308;GARRAPIÑADAS DE MANI 80 GS;;;;BONAFIDE;;435,00;5;;2.175,00
;434;GAS EXTRA GAS 10 KG;;;;EXTRA GAS;;30.000,00;41000;;12.300.00
;435;GAS EXTRA GAS 15 KG;;;;EXTRA GAS;;320.000,0;100000;;3.200.000.0.000,00
;433;GAS YPF 10 KG;;;;YPF;;3.000,000;10000;;300.000.0000,00
;;;;;;;;;0;;00,00
;;;;;;Pág. 16 
;Stock Valorizado;;;;;;;;;;11/7/2026
;Código;Descripción;;;;Marca;Costo;;Stock;St.Valorizado
;432;GAS YPF 15 KG;;;;YPF;;45.000,00;10000;;4.500.000.
;7792170110568;GATORADE 1,25 L;;;;GATORADE;;5.000,00;60;;30.000,00000,00
;7792170110575;GATORADE 1,25 ML MANZANA;;;;GATORADE;;5.000,00;1;;5.000,00
;7792170110704;GATORADE 1L ;;;;;;5.000,00;3;;15.000,00
;7792170042029;GATORADE FRUTAS TROP 500ML;;;;GATORADE;;1.900,00;9;;17.100,00
;7791813333814;GATORADE GREEN 500 ML;;;;;;2.000,00;1;;2.000,00
;7791274196447;GEL ´POTE;;;;ALGABO;;1.350,00;1;;1.350,00
;7791274196430;GEL POTE;;;;ALGABO;;1.350,00;4;;5.400,00
;7791293050652;GEL POTE;;;;LORD CHESELINE;;2.000,00;2;;4.000,00
;7622201820534;GELATINA;;;;ROYAL;;850,00;5;;4.250,00
;7790070432476;GELATINA;;;;EXQUISITA;;850,00;7;;5.950,00
;7790070432452;GELATINA;;;;ROYAL;;800,00;5;;4.000,00
;7622201819668;GELATINA;;;;ROYAL;;800,00;4;;3.200,00
;7622201819620;GELATINA;;;;ROYAL;;800,00;3;;2.400,00
;7622201819736;GELATINA CEREZA;;;;ROYAL;;900,00;102;;91.800,00
;7790070432490;GELATINA FRUTILLA;;;;EXQUISITA;;800,00;2;;1.600,00
;7790070432575;GELATINA NARANJA;;;;EXQUISITA;;800,00;7;;5.600,00
;7622201106027;GELATINA SIN SABOR;;;;ROYAL;;500,00;8;;4.000,00
;7622201106034;GELATINA SIN SABOR;;;;ROYAL;;1.000,00;10;;10.000,00
;7790045827511;GFALLETAS DE SALVADO LIGHT;;;;GRANIX;;1.114,00;3;;3.342,00
;7792410522717;GIN BRIGHTON;;;;;;6.500,00;1;;6.500,00
;00191;GIRASOL ;;;;;;1.000,00;3;;3.000,00
;6921734942395;GOMA BLANCA DELI;;;;;;400,00;20;;8.000,00
;7790580132439;GOMITAS PAQUETE;;;;MISKY;;220,00;12;;2.640,00
;7790045827412;GRANOLA PASAS;;;;GRANIX;;2.500,00;1;;2.500,00
;00186;GRASA EN PAQUETE;;;;;;700,00;6;;4.200,00
;7794573000019;GRASA PAQUETE 500GS;;;;NECPLUS ULTRA;;1.550,00;3;;4.650,00
;7791625006111;GUANTES DE LATEX;;;;ECOOOO;;1.400,00;4;;5.600,00
;7794440045938;GUANTES DE LATEX;;;;PLUMITA;;2.130,00;1;;2.130,00
;7794440045433;GUANTES DE LATEX;;;;VIRULANA ;;2.130,00;1;;2.130,00
;7791625131066;GUANTES MOTEADOS;;;;OK;;1.000,00;10;;10.000,00
;414;GUANTES MOTEADOS;;;;;;750,00;10;;7.500,00
;7790768041072;GUANTES VERDES N 11;;;;LUCYBEL;;2.004,00;2;;4.008,00
;7790768041010;GUANTES VERDES NRO 7;;;;LUCYBEL;;2.004,00;1;;2.004,00
;7790768041034;GUANTES VERDES NRO 8;;;;LUCYBEL;;2.004,00;1;;2.004,00
;13;H2O 500 ML;;;;H2O;;600,00;2;;1.200,00
;7790079020711;HAMBURGUSAS X 4 UN ;;;;PALADINI;;3.967,00;5;;19.835,00
;7797237000028;HARINA 3/0;;;;FLORENCIA;;530,00;5;;2.650,00
;7792180142580;HARINA 4/0;;;;PUREZA;;900,00;4;;3.600,00
;7792180004871;HARINA 4/0;;;;PUREZA;;900,00;5;;4.500,00
;7792612000716;HARINA 4/0 PAQUETE;;;;TARAGUI;;700,00;9;;6.300,00
;7798075280535;HARINA DE ARROZ 1KG;;;;GLUTAL;;2.500,00;1;;2.500,00
;;;;;;Pág. 17 
;Stock Valorizado;;;;;;;;;;11/7/2026
;Código;Descripción;;;;Marca;Costo;;Stock;St.Valorizado
;7797470002292;HARINA DE MAIZ 1 KG;;;;MAROLIO;;850,00;9;;7.650,00
;7798136180118;HARINA LEUDANTE;;;;CELESTIAL;;650,00;4;;2.600,00
;7797470005675;HARINA LEUDANTE ,;;;;MAROLIO;;900,00;7;;6.300,00
;7792180004901;HARINA P/ PAN;;;;PUREZA;;1.200,00;2;;2.400,00
;7797237001377;HARINA PARA PIZZA;;;;FLORENCIA;;1.200,00;15;;18.000,00
;7791130681421;HARPIC CITRUS;;;;HARPIC;;3.200,00;1;;3.200,00
;7791130681414;HARPIC FLORAL;;;;HARPIC;;3.200,00;1;;3.200,00
;7793147009199;HEINEKEN 473 ML;;;;HEINEKEN;;3.000,00;5;;15.000,00
;7793147571283;HEINEKEN 710;;;;HEINEKEN;;5.000,00;11;;55.000,00
;7790580454210;HELADO 1 KG;;;;ARCOR;;7.700,00;2;;15.400,00
;0017;HELADO 3 LITROS;;;;NAHUEL;;5.800,00;2;;11.600,00
;7790580121921;HELADO CINDOR;;;;ARCOR;;1.200,00;12;;14.400,00
;7790580108397;HELADO COFLER BLOCK;;;;ARCOR;;2.500,00;98;;245.000,0
;7790580130732;HELADO DDL TENTACION;;;;ARCOR;;1.500,00;100;;150.000,00
;;;;;;;;;;;0
;431;HELADO DE CREMA ET PLATEADA;;;;BLANCA NIEVES;;400,00;1000;;400.000,0
;7790580130022;HELADO KG;;;;ARCOR;;7.700,00;1;;7.700,000
;7790580139605;HELADO MILK;;;;ARCOR;;1.500,00;20;;30.000,00
;0019;HELADO POTE 180 CC;;;;NAHUEL;;650,00;4;;2.600,00
;2103260000013;HELADO POTE 240CC  ;;;;NAHUEL;;1.200,00;2;;2.400,00
;2102100000015;HELADO POTE 240CC CR DEL CIELO;;;;NAHUEL;;1.300,00;97;;126.100,0
;7790580135256;HELADO POTE AGUILA;;;;ARCOR;;3.500,00;1;;3.500,000
;7790580524104;HELADO ROCKLETS;;;;;;2.000,00;1;;2.000,00
;0018;HELADOS 5 LITROS;;;;NAHUEL;;8.400,00;1;;8.400,00
;0035;HILO;;;;;;250,00;7;;1.750,00
;0039;HILO BLANCO;;;;;;250,00;4;;1.000,00
;7790040132955;HOGAREÑAS SALVADO X 3;;;;ARCOR;;2.500,00;7;;17.500,00
;7791762480614;HOJA DE DIBUJO N5 ;;;;EXITO;;800,00;3;;2.400,00
;7791762480621;HOJA DE DIBUJO N5 BLANCO;;;;EXITO;;700,00;3;;2.100,00
;7790580430900;HUEVITO BOB BLANCO;;;;ARCOR;;1.205,00;24;;28.920,00
;7790580463403;HUEVITO BOB NEGRO;;;;ARCOR;;1.205,00;24;;28.920,00
;477981325;HUEVO DE CHOCOLATE MILKA;;;;MILKA;;1.000,00;19;;19.000,00
;78931053;HUEVO KINDER;;;;;;2.000,00;4;;8.000,00
;40084107;HUEVO KINDER;;;;KINDER;;2.000,00;11;;22.000,00
;7793147572211;IGUANA BOTELLA;;;;IGUANA;;2.000,00;1;;2.000,00
;7793147572624;IMPERIAL  GOLDEN 710;;;;IMPERIAL;;3.000,00;14;;42.000,00
;7793147571412;IMPERIAL 710;;;;;;3.000,00;5;;15.000,00
;7793147571689;IMPERIAL GOLDEN 473 ML;;;;IMPERIAL;;2.200,00;5;;11.000,00
;7793147000752;IMPERIAL LATA 473 ML;;;;IMPERIAL;;2.200,00;5;;11.000,00
;7790828103313;JABON BLANCO;;;;GIGANTE;;600,00;2;;1.200,00
;7796311000022;JABON BLANCO;;;;SEISEME;;1.600,00;2;;3.200,00
;7790828104655;JABON BLANCO;;;;GIGANTE;;500,00;4;;2.000,00
;7790990001820;JABON BLANCO;;;;FEDERAL;;750,00;3;;2.250,00
;;;;;;Pág. 18 
;Stock Valorizado;;;;;;;;;;11/7/2026
;Código;Descripción;;;;Marca;Costo;;Stock;St.Valorizado
;7790990001813;JABON BLANCO;;;;GRAN FEDERAL;;768,00;1;;768,00
;7790990001790;JABON BLANCO;;;;ZORRO;;850,00;1;;850,00
;7794573000323;JABON BLANCO;;;;PLUS ;;400,00;4;;1.600,00
;7790990001769;JABON BLANCO ;;;;ZORRO;;850,00;2;;1.700,00
;7791293049182;JABON DE GLICERINA;;;;REXONA;;750,00;1;;750,00
;7791293049175;JABON DE GLICERINA;;;;REXONA;;750,00;3;;2.250,00
;7797293044219;JABON DE TOCADOR;;;;LUX;;800,00;1;;800,00
;7791293050843;JABON DE TOCADOR;;;;LUX;;970,00;2;;1.940,00
;7794573000361;JABON DE TOCADOR;;;;QSENS;;400,00;1;;400,00
;7794573000385;JABON DE TOCADOR;;;;QSENS;;400,00;1;;400,00
;7794218106489;JABON DE TOCADOR;;;;CUPIDO;;300,00;2;;600,00
;7791293050782;JABON DE TOCADOR;;;;LUX;;650,00;2;;1.300,00
;7840118221798;JABON DE TOCADOR;;;;IO;;350,00;2;;700,00
;7794218106991;JABON DE TOCADOR;;;;ST TROPEZ;;516,00;2;;1.032,00
;7794218106960;JABON DE TOCADOR;;;;ST TROPEZ;;516,00;2;;1.032,00
;7794218107004;JABON DE TOCADOR;;;;ST TROPEZ;;516,00;2;;1.032,00
;7794218106977;JABON DE TOCADOR;;;;ST TROPEZ;;516,00;2;;1.032,00
;7794218106984;JABON DE TOCADOR;;;;ST TROPEZ;;516,00;2;;1.032,00
;7794218000138;JABON DE TOCADOR ;;;;ST TROPEZ;;500,00;6;;3.000,00
;7794218107011;JABON DE TOCADOR  ;;;;ST TROPEZ;;516,00;2;;1.032,00
;7790828104891;JABON DE TOCADOR CITRUS ;;;;DUC;;500,00;1;;500,00
;7790828104907;JABON DE TOCADOR HIDRATIVE;;;;DUC;;500,00;2;;1.000,00
;7790740000714;JABON DE TOCADOR LAVANDA;;;;PLUSBELLE;;750,00;1;;750,00
;7790990000809;JABON DE TOCADOR NUTRICION;;;;PLUSBELLEESCENCIAL;;650,00;6;;3.900,00
;7790828104884;JABON DE TOCADOR RELAX;;;;DUC;;500,00;1;;500,00
;7790740000707;JABON DE TOCADOR ROSA;;;;PLUSBELLE;;750,00;1;;750,00
;7840118221781;JABON DE TOCADOR ROSA;;;;IOESCENCIAL;;340,00;6;;2.040,00
;7790740000691;JABON DE TOCADOR VERDE,,,,,;;;;PLUSBELLE;;750,00;1;;750,00
;;;;;;ESCENCIAL
;7794573000217;JABON DE TOCADOR X 3;;;;QSENS;;800,00;80;;64.000,00
;7790828104785;JABON DE TOCADOR X 3 UN;;;;KENIA;;1.048,00;1;;1.048,00
;7791293050959;JABON DE TOCADOR X 3, UN ;;;;REXONA;;1.850,00;2;;3.700,00
;64817514;JABON DETOCADOR;;;;LUX;;970,00;4;;3.880,00
;650240035401;JABON DETOX;;;;ASEPXIA;;2.000,00;4;;8.000,00
;7898422746759;JABON DOVE;;;;DOVE;;1.000,00;1;;1.000,00
;64371953;JABON DOVE;;;;DOVE;;1.400,00;6;;8.400,00
;7791290793057;JABON EN POLVO  800 GS;;;;DRIVE;;1.200,00;1;;1.200,00
;7791290793484;JABON EN POLVO 400 GS;;;;GRANBY;;550,00;1;;550,00
;7791290795044;JABON EN POLVO 400 GS CELESTE;;;;GRANBY;;680,00;1;;680,00
;7791290792067;JABON EN POLVO 400 GS LAM;;;;ALA;;1.400,00;2;;2.800,00
;7790990002278;JABON EN POLVO 400 GS MATIC;;;;ZORRO;;782,00;1;;782,00
;7790990002223;JABON EN POLVO 400GS LAM;;;;ZORRO;;850,00;4;;3.400,00
;7791290793446;JABON EN POLVO 600 GS;;;;SKIP;;1.850,00;2;;3.700,00
;;;;;;Pág. 19 
;Stock Valorizado;;;;;;;;;;11/7/2026
;Código;Descripción;;;;Marca;Costo;;Stock;St.Valorizado
;1987791290792142;JABON EN POLVO 800 GS;;;;ALA;;1.750,00;1;;1.750,00
;7791290795082;JABON EN POLVO 800 GS LAM;;;;GRANBY;;1.270,00;7;;8.890,00
;7791290795051;JABON EN POLVO 800 GS LAM ;;;;GRANBY;;1.270,00;4;;5.080,00
;7790990002940;JABON EN POLVO 800GS LAM;;;;ACE;;1.750,00;6;;10.500,00
;7791290796300;JABON EN PóLVO 900 GS MATIC;;;;ALA;;2.000,00;3;;6.000,00
;7790990002933;JABON EN POLVO LAM 400 GS;;;;ACE;;927,00;3;;2.781,00
;7790990002919;JABON EN POLVO MATIC 400GS;;;;ACE;;927,00;3;;2.781,00
;7791290793507;JABON EN POLVO MATIC PLUS;;;;GRANBY;;1.200,00;4;;4.800,00
;7798339190105;JABON ESPADOL;;;;;;850,00;5;;4.250,00
;7798339190075;JABON ESPADOL;;;;;;850,00;4;;3.400,00
;7798131250519;JABON LIQ. 3 L;;;;HEROE;;3.500,00;2;;7.000,00
;7790990001851;JABON LIQ. 3 L;;;;ZORRO;;5.900,00;2;;11.800,00
;7791274193415;JABON LIQUIDO 300 ML;;;;ALGABO;;1.450,00;1;;1.450,00
;7791274000713;JABON LIQUIDO 300 ML;;;;ALGABO;;1.450,00;1;;1.450,00
;7791290795112;JABON LIQUIDO 800 ML;;;;GRANBY;;1.800,00;6;;10.800,00
;7790990002964;JABON LIQUIDO 800 ML;;;;ACE;;2.067,00;2;;4.134,00
;7791290794634;JABON LIQUIDO 800 ML;;;;ALA;;2.002,00;2;;4.004,00
;7790990002667;JABON LIQUIDO 800ML;;;;LIMZUL;;1.300,00;10;;13.000,00
;7791290796294;JABON LIQUIDO 900 NML;;;;ALA;;2.140,00;1;;2.140,00
;7790990002131;JABON LIQUIDO BOTELLA;;;;ZORRO;;2.100,00;1;;2.100,00
;7790990001868;JABON LIQUIDO BOTELLA 800 ML;;;;ZORRO;;2.300,00;6;;13.800,00
;7790740503741;JABON LIQUIDO REPUESTO;;;;PLUSBELLE;;850,00;2;;1.700,00
;1987791290792098;JABON MATIC 400 GS;;;;ALA;;860,00;3;;2.580,00
;7791290793255;JABON P/ DILUIR;;;;SKIP;;1.800,00;1;;1.800,00
;7791290793248;JABON P/DILUIR;;;;ALA;;1.700,00;2;;3.400,00
;7791290793217;JABON PARA DILUIR;;;;SKIP;;2.150,00;2;;4.300,00
;7791290796478;JABON PARA DILUIR 500 ML;;;;GRANBY;;2.890,00;3;;8.670,00
;7791290793040;JABON RN POLVO 400 GS;;;;DRIVE;;550,00;3;;1.650,00
;7891035040191;JABON VANISH;;;;VANISH;;1.100,00;2;;2.200,00
;7891035040276;JABON VANISH;;;;VANISH;;1.100,00;2;;2.200,00
;7792350067026;JARDINERA;;;;INALPA;;700,00;5;;3.500,00
;7790790120271;JARDINERA;;;;INCA;;750,00;16;;12.000,00
;0024;JERINGA C/ AGUJA;;;;;;300,00;1;;300,00
;7790036000350;JUGO 1L PERA ;;;;BAGGIO ;;1.500,00;9;;13.500,00
;7790036000619;JUGO 200 CC;;;;BAGGIO ;;600,00;7;;4.200,00
;7790036975412;JUGO 200 ML NARANJA;;;;BAGGIO FRESH;;500,00;10;;5.000,00
;7790895002991;JUGO CEPITA 200 CC;;;;COCA COLA;;600,00;2;;1.200,00
;7790895641732;JUGO CEPITA 300 ML;;;;COCA COLA;;900,00;3;;2.700,00
;7798085681452;JUGO CITRIC 500 ML;;;;CITRIC;;1.700,00;4;;6.800,00
;7622201702625;JUGO CLIGHT ANANA;;;;CLIGHT;;400,00;8;;3.200,00
;7622201704148;JUGO CLIGHT MANDARINA;;;;CLIGHT;;400,00;6;;2.400,00
;7622201703080;JUGO CLIGHT MANZANA;;;;CLIGHT;;400,00;1;;400,00
;;;;;;Pág. 20 
;Stock Valorizado;;;;;;;;;;11/7/2026
;Código;Descripción;;;;Marca;Costo;;Stock;St.Valorizado
;7622201703059;JUGO CLIGHT MANZANA VERDE;;;;CLIGHT;;400,00;20;;8.000,00
;7622201702717;JUGO CLIGHT NAR-DURAZNO;;;;CLIGHT;;400,00;18;;7.200,00
;7622201703233;JUGO CLIGHT POMELO A;;;;CLIGHT;;400,00;20;;8.000,00
;7790139100926;JUGO DE LIMON 500 ML ;;;;FAVINCO;;1.100,00;2;;2.200,00
;7792900809021;JUGO DE LIMON 500ML;;;;DOS ANCLAS;;1.800,00;2;;3.600,00
;7622201703172;JUGO EN POLVO;;;;CLIGHT;;290,00;17;;4.930,00
;C7798376990065;JUGO EN SOBRE;;;;CUSINIER;;300,00;7;;2.100,00
;7790580129644;JUGO EN SOBRE;;;;BC;;220,00;7;;1.540,00
;7790580129576;JUGO EN SOBRE;;;;BC;;220,00;12;;2.640,00
;7790580129637;JUGO EN SOBRE;;;;BC;;220,00;6;;1.320,00
;7790580129941;JUGO EN SOBRE;;;;BC;;220,00;13;;2.860,00
;7622201703141;JUGO EN SOBRE;;;;CLIGHT;;290,00;3;;870,00
;7622201735777;JUGO EN SOBRE;;;;TANG;;290,00;7;;2.030,00
;7790580129972;JUGO EN SOBRE;;;;BC;;220,00;16;;3.520,00
;7790036000466;JUGO MULTIFRUTA 1 L;;;;BAGGIO ;;1.500,00;1;;1.500,00
;7730908404152;JUGO NRINDE DOS NARANJA/MANGO;;;;RINDE DOS;;450,00;1;;450,00
;7730908404909;JUGO RINDE DOS DURAZNO;;;;RINDE DOS;;450,00;20;;9.000,00
;7730908401540;JUGO RINDE DOS LIMON;;;;RINDE DOS;;450,00;1;;450,00
;7730908400567;JUGO RINDE DOS MANZANA;;;;RINDE DOS;;450,00;2;;900,00
;3167730908400567;JUGO RINDE DOS MANZANA;;;;RINDE DOS;;450,00;18;;8.100,00
;7730908404916;JUGO RINDE DOS MULTIFRUTA;;;;RINDE DOS;;450,00;196;;88.200,00
;7730908404893;JUGO RINDE DOS PERA;;;;RINDE DOS;;450,00;99;;44.550,00
;7622201745936;JUGO TANG DURAZNO;;;;TANG;;290,00;7;;2.030,00
;7622201746490;JUGO TANG FRUTILLA;;;;TANG;;400,00;20;;8.000,00
;7622201735685;JUGO TANG LIMONADA;;;;TANG;;400,00;255;;102.000,0
;;;;;;;;;;;0
;7622201733865;JUGO TANG MANADARINA;;;;TANG;;400,00;4;;1.600,00
;7622201705992;JUGO TANG MANZANA;;;;TANG;;290,00;4;;1.160,00
;7622201705961;JUGO TANG NARANJA;;;;TANG;;350,00;7;;2.450,00
;7622201735340;JUGO TANG NARANJA DULCE;;;;TANG;;400,00;17;;6.800,00
;7622201735371;JUGO TANG NARANJA MANGO;;;;TANG;;400,00;20;;8.000,00
;7622201745738;JUGO TANG PERA;;;;TANG;;400,00;14;;5.600,00
;7622201735746;JUGO TANG POMELO;;;;TANG;;350,00;5;;1.750,00
;7622201746117;JUGO TANG UVA;;;;TANG;;400,00;250;;100.000,0
;;;;;;;;;;;0
;317;JUGUITOS CONGELADOS;;;;;;100,00;61;;6.100,00
;7790040173200;KESITAS 125 GS;;;;BAGLEY;;1.270,00;1;;1.270,00
;7791600037017;KEVIN PERFUME 60 ML;;;;;;9.000,00;1;;9.000,00
;070330201200;LAPICERAS BIC;;;;;;300,00;12;;3.600,00
;7798000081053;LAPICES DE COLOR X 6 UN;;;;SIMBALL;;500,00;5;;2.500,00
;070330946446;LAPICES DE COLORES X 12 UN;;;;;;3.400,00;3;;10.200,00
;7792900092812;LAUREL TRITURADO;;;;DOS ANCLAS;;750,00;1;;750,00
;7791905023203;LAVANDINA 1 L;;;;ODEX;;860,00;11;;9.460,00
;7797470197691;LAVANDINA 1 L;;;;ESCENCIAL;;540,00;3;;1.620,00
;;;;;;Pág. 21 
;Stock Valorizado;;;;;;;;;;11/7/2026
;Código;Descripción;;;;Marca;Costo;;Stock;St.Valorizado
;7797470130162;LAVANDINA 1 L;;;;ESCENCIAL;;600,00;9;;5.400,00
;7793253004446;LAVANDINA 2 L;;;;AYUDIN;;2.000,00;4;;8.000,00
;7791905023210;LAVANDINA 2 L;;;;ODEX;;1.400,00;5;;7.000,00
;7798238110884;LAVANDINA EN GEL;;;;LIMPIALIM;;1.200,00;3;;3.600,00
;7791905024248;LAVANDINA EN GEL 700 ML;;;;ODEX;;1.350,00;2;;2.700,00
;7798148520148;LECHE 800 GS;;;;ESPERANZA;;3.500,00;1;;3.500,00
;7798312320680;LECHE DESCREMADA  800 GS;;;;SANTA CLARA;;5.000,00;2;;10.000,00
;7790080037715;LECHE DESLACTOSADA;;;;SANCOR;;1.800,00;1;;1.800,00
;7790787960767;LECHE DESLACTOSADA;;;;ILOLAY;;1.867,00;6;;11.202,00
;7790080043839;LECHE EN POLVO 800 GS;;;;SANCOR;;11.235,00;1;;11.235,00
;7798095171813;LECHE EN POLVO DESLACTOSADA 400;;;;PURISIMA;;4.500,00;2;;9.000,00
;;GS
;7798001562599;LECHE ENTERA SACHET;;;;CREMIGAL;;13.140,00;5;;65.700,00
;7790787949649;LECHE L. VIDA;;;;ILOLAY;;1.450,00;1;;1.450,00
;7790787949656;LECHE L. VIDA DESC;;;;ILOLAY;;1.450,00;3;;4.350,00
;7790742363008;LECHE LARGA VIDA;;;;LA SERENISIMA;;1.560,00;1;;1.560,00
;7798338290035;LECHE LARGA VIDA;;;;LAS 3 NIÑAS;;1.200,00;5;;6.000,00
;7791241962433;LECHE LARGA VIDA DESCREMADA;;;;LA LACTEO;;1.373,00;2;;2.746,00
;7791241962464;LECHE LARGA VIDA ENTERA;;;;LA LACTEO;;1.373,00;2;;2.746,00
;77907943;LENGUETAZO CARAMELO;;;;;;200,00;33;;6.600,00
;7798094010236;LENTEJAS 400 GS;;;;SELECCION;;1.000,00;9;;9.000,00
;7792350067064;LENTEJAS EN LATA;;;;INALPA;;697,00;3;;2.091,00
;7790580132453;LENTEJAS LATA 300 GS;;;;ARCOR;;1.000,00;2;;2.000,00
;7798018850184;LEVADURA SECA X 2;;;;LEVEX;;800,00;2;;1.600,00
;7799155001392;LEVITE 1,5 L;;;;VILLA DEL SUR;;2.400,00;1;;2.400,00
;7799155000289;LEVITE 1,5 L NARANJA;;;;VILLA DEL SUR;;2.400,00;2;;4.800,00
;7798062548648;LEVITE NARANJA 1,5 L;;;;VILLA DEL SUR;;2.500,00;6;;15.000,00
;7798062548655;LEVITE NARANJA 500 ML;;;;VILLA DEL SUR;;1.076,00;5;;5.380,00
;7798062548679;LEVITE POMELO 1,5 L;;;;VILLA DEL SUR;;2.500,00;6;;15.000,00
;7798062548686;LEVITE POMELO 500ML;;;;VILLA DEL SUR;;1.000,00;6;;6.000,00
;77913692;LICOR PETACA;;;;TRES PLUMAS;;2.000,00;2;;4.000,00
;77991881;LICOR PETACA;;;;TRES PLUMAS;;2.000,00;2;;4.000,00
;7791290794238;LIMOIADOR CREMOSO 250 ML;;;;CIF;;1.600,00;3;;4.800,00
;7791625008122;LIMPIA INODORO;;;;ECOOOO;;1.100,00;4;;4.400,00
;7790520018618;LIMPIA VIDRIOS 450ML;;;;MR MUSCULO;;1.250,00;1;;1.250,00
;7791290794450;LIMPIA VIDRIOS REP. 450 ML;;;;CIF;;1.370,00;6;;8.220,00
;7790990002018;LIMPIA VIDRIOS REP. 450 ML;;;;ZORRO;;700,00;3;;2.100,00
;7791290794429;LIMPIADOR BAÑO 450 ML;;;;CIF;;950,00;2;;1.900,00
;7790990002001;LIMPIADOR BAÑO REP 450ML;;;;ZORRO;;700,00;6;;4.200,00
;7791290793385;LIMPIADOR CREMA 250 ML;;;;CIF;;1.350,00;3;;4.050,00
;7791905023036;LIMPIADOR CREMOSO 500 ML;;;;ODEX;;1.750,00;2;;3.500,00
;7791290794221;LIMPIADOR CREMOSO 750 ML;;;;CIF;;2.700,00;1;;2.700,00
;7791290795846;LIMPIADOR GEL 500 ML;;;;CIF;;1.750,00;1;;1.750,00
;;;;;;Pág. 22 
;Stock Valorizado;;;;;;;;;;11/7/2026
;Código;Descripción;;;;Marca;Costo;;Stock;St.Valorizado
;7791905023050;LIMPIADOR LAVANDA 500ML;;;;ODEX;;0,00;2;;0,00
;7791290794856;LIMPIADOR MULTIUSO;;;;DRIVE;;700,00;4;;2.800,00
;7791290794849;LIMPIADOR MULTIUSO,;;;;DRIVE;;700,00;4;;2.800,00
;7796045000183;LOCION MARY STUART;;;;;;4.500,00;1;;4.500,00
;7798138552692;LOMITOS DE  ATUN;;;;MOLTO;;1.700,00;2;;3.400,00
;31877976994;LUCKY 12 CONVERTIBLE;;;;;;200,00;5;;1.000,00
;77977090;LUCKY STRIKE;;;;LUCCHETTI;;2.800,00;1;;2.800,00
;77985897;LUCKY STRIKE 12 RED MIX;;;;;;2.000,00;2;;4.000,00
;77976512;LUCKY STRIKE 20 COMUN;;;;;;2.500,00;2;;5.000,00
;77976970;LUCKY STRIKE 20 SILVER;;;;;;3.100,00;3;;9.300,00
;77987594;LUCKY STRIKE 20 XL RED MIX ;;;;;;3.000,00;2;;6.000,00
;77988379;LUCKY STRIKE CONVERTIBLE XL 20;;;;;;3.000,00;1;;3.000,00
;77990921;LUCKY STRIKE ORIGEN 20;;;;;;1.500,00;14;;21.000,00
;7790520028891;LUSTRAMUEBLES;;;;BLEM;;3.306,00;1;;3.306,00
;7790520995339;LYSOFORM 360 ML;;;;LYSOFORM;;2.220,00;3;;6.660,00
;7790520995292;LYSOFORM AIRE DE M 360ML;;;;SC JOHNSON;;2.500,00;1;;2.500,00
;7790520995322;LYSOFORM CITRICA 360CM;;;;SC JOHNSON;;2.230,00;2;;4.460,00
;7790520995315;LYSOFORM LAVANDA 360 CM;;;;SC JOHNSON;;2.230,00;2;;4.460,00
;401;MAICENA SUELTA;;;;;;1.500,00;4;;6.000,00
;304;MAIZ MOLIDO BOLSA 25 KG;;;;;;6.940,00;2;;13.880,00
;7797470128114;MAIZ PISINGALLO;;;;MAROLIO;;400,00;4;;1.600,00
;7798094010601;MAIZ PISINGALLO 4100 GS;;;;LEGUMPACK;;595,00;8;;4.760,00
;7790040151901;MANA ACARAMELADA;;;;ARCOR;;634,00;1;;634,00
;7790040137820;MANA SIMPLE LIMON;;;;ARCOR;;750,00;8;;6.000,00
;7790040137844;MANA X 3 UN;;;;ARCOR;;1.950,00;2;;3.900,00
;7798113301680;MANAOS 1,5 L COLA ZERO;;;;MANAOS;;1.000,00;6;;6.000,00
;7798113302458;MANAOS 1,5 L POMELO ;;;;MANAOS;;1.000,00;3;;3.000,00
;7798113302434;MANAOS 3 L GRANADINA;;;;MANAOS;;2.000,00;7;;14.000,00
;7798113302526;MANAOS 500ML POMELO CERO;;;;MANAOS;;600,00;6;;3.600,00
;7798113301338;MANAOS LIMON 3 L;;;;MANAOS;;2.000,00;100;;200.000,0
;;;;;;;;;;;0
;7792360097112;MANI CON CHOCOLATE;;;;BONAFIDE;;817,00;1;;817,00
;7790380037736;MANI CON CHOCOLATE 80 GS;;;;GEORGALOS;;1.500,00;99;;148.500,0
;7792360091615;MANI CON FRUTAS 100 GS;;;;BONAFIDE;;700,00;2;;1.400,000
;7798115470735;MANI SALADO;;;;CORMILLOT;;322,00;4;;1.288,00
;7798060852259;MANTECA 100 GS;;;;LORELEY;;1.200,00;6;;7.200,00
;7798344910279;MANTECA 100 GS;;;;SYS;;968,00;1;;968,00
;7798151770516;MANTECA 100 GS;;;;TREMBLAY;;1.360,00;3;;4.080,00
;7793940052002;MANTECA 100 GS ;;;;LA SERENISIMA;;1.500,00;3;;4.500,00
;4107798085370080;MANTECA 200 GS;;;;PRIMER PREMIO;;2.200,00;2;;4.400,00
;7798060852266;MANTECA 200 GS;;;;LORELEY;;2.600,00;32;;83.200,00
;0037;MANTECA CACAO;;;;STILO;;600,00;7;;4.200,00
;0036;MANTECA CACAO ;;;;DISMAR;;2.000,00;7;;14.000,00
;;;;;;Pág. 23 
;Stock Valorizado;;;;;;;;;;11/7/2026
;Código;Descripción;;;;Marca;Costo;;Stock;St.Valorizado
;7622201816384;MANTECOL 26 GS;;;;;;800,00;11;;8.800,00
;7622201812713;MANTECOL 404 GS;;;;;;3.280,00;1;;3.280,00
;7622201816414;MANTECOL 41 GS;;;;;;760,00;12;;9.120,00
;7622201816445;MANTECOL 64 GS;;;;;;1.000,00;2;;2.000,00
;7622201812676;MANTECOL MARMOLADO 111 GS;;;;;;1.339,00;1;;1.339,00
;7790380126379;MANTECOL MARMOLADO 20GS;;;;;;750,00;2;;1.500,00
;070330731806;MAQUINA DE AFEITAR SOLEI;;;;BIC;;1.300,00;12;;15.600,00
;070330717565;MAQUINA DE AFEITAR VERDE;;;;BIC;;1.300,00;12;;15.600,00
;7798100961439;MARACDOR FILGO;;;;;;650,00;2;;1.300,00
;7798000084146;MARCADORES X 10 UN;;;;SIMBALL;;1.000,00;5;;5.000,00
;77983343;MARLBORO 12 COMUN;;;;;;2.143,00;4;;8.572,00
;77987303;MARLBORO CRAF COMUN;;;;;;1.600,00;1553;;2.484.800,
;408;MARROC BOCADITO;;;;FEL FORT;;700,00;60;;42.000,0000
;7790520997654;MATA CUCARACHAS;;;;RAID;;3.200,00;4;;12.800,00
;7791905002390;MATA CUCARACHAS;;;;MOSQUITRAP;;2.700,00;5;;13.500,00
;7790520028655;MATA MOSCAS;;;;RAID;;4.800,00;8;;38.400,00
;1987790520025869;MATA MOSCAS;;;;FUYI;;2.600,00;9;;23.400,00
;7793253005153;MATA MOSCAS;;;;SELTON;;3.500,00;7;;24.500,00
;7790520025715;MATA POLILLAS;;;;RAID;;4.500,00;4;;18.000,00
;7791680602204;MATE COCIDO X 100 UN;;;;DON LUCAS;;2.500,00;2;;5.000,00
;27790480090099;MATE COCIDO X 25 UN;;;;LA TRANQUERA;;650,00;3;;1.950,00
;7790387800050;MATE COCIDO X 25 UN ;;;;TARAGUI;;1.000,00;994;;994.000,0
;;;;;;;;;;;0
;7790387800067;MATE COCIDO X 50 UN;;;;TARAGUI;;1.450,00;5;;7.250,00
;714604204442;MAXI ROLLO;;;;MANZANAR;;1.150,00;16;;18.400,00
;7793344009206;MAXI ROLLO;;;;ELEGANTE;;2.000,00;11;;22.000,00
;714604016304;MAXI ROLLO;;;;DOÑA ANTONIA;;1.350,00;1;;1.350,00
;656750779736;MAXI ROLLO;;;;MAXI SEC;;1.200,00;2;;2.400,00
;7792533033916;MAXI ROLLO;;;;LISS PLUS;;1.000,00;4;;4.000,00
;7791070005752;MAXI ROLLO ;;;;CAMPANITA;;1.150,00;10;;11.500,00
;7791866003283;MAYOLIVA 250 GS;;;;MAYOLIVA;;2.000,00;2;;4.000,00
;7791866001197;MAYONESA 125 CM;;;;NATURA;;550,00;14;;7.700,00
;7794000006096;MAYONESA 125 CM;;;;HELLMANS;;500,00;9;;4.500,00
;7791866000565;MAYONESA 125 GS;;;;CADA DIA;;350,00;31;;10.850,00
;7791866000572;MAYONESA 500 GS;;;;CADA DIA;;1.165,00;1;;1.165,00
;7794000006072;MAYONESA 500CC;;;;HELLMANS;;1.780,00;6;;10.680,00
;7794000006560;MAYONESA AHUMADA 250 GS;;;;HELLMANS;;1.500,00;8;;12.000,00
;7794000005150;MAYONESA CASERA 250 GS;;;;HELLMANS;;1.500,00;1;;1.500,00
;7794000007093;MAYONESA LIVIANA 250 GS;;;;HELLMANS;;1.500,00;3;;4.500,00
;7792360072423;MECANO BLANCO;;;;BONAFIDE;;1.800,00;10;;18.000,00
;7792360094906;MECANO NEGRO;;;;BONAFIDE;;1.800,00;12;;21.600,00
;7798068288340;MEDALLON DE POLLO 430 GRS;;;;GRANGYS;;2.935,00;1;;2.935,00
;7790250057086;MEGA ROLLO SUSSEX;;;;SUSEX,;;1.550,00;2;;3.100,00
;;;;;;Pág. 24 
;Stock Valorizado;;;;;;;;;;11/7/2026
;Código;Descripción;;;;Marca;Costo;;Stock;St.Valorizado
;7790202000351;MEJILLONES AL NATURAL;;;;PENNISI;;2.900,00;2;;5.800,00
;77958624;MENTOPLUS MENTOL;;;;ARCOR;;700,00;6;;4.200,00
;77958648;MENTOPLUS STRONG;;;;ARCOR;;700,00;10;;7.000,00
;7793046007753;MEREMLADA LIGTH;;;;CORMILLOT;;1.600,00;1;;1.600,00
;7791113004056;MERMELADA CIRUELA;;;;EMETH;;750,00;1;;750,00
;7793046008071;MERMELADA DE CIRUELA ;;;;DULCOR;;1.213,00;3;;3.639,00
;7798132920916;MERMELADA DE DURAZNO FRASCO;;;;ALCO;;1.300,00;2;;2.600,00
;7798138551473;MERMELADA DE DURAZNO FRASCO;;;;MOLTO;;1.500,00;5;;7.500,00
;7797470000311;MERMELADA DE DURAZNO FRASCO;;;;MAROLIO;;1.400,00;11;;15.400,00
;7793046008699;MERMELADA DE FRUTILLA;;;;DULCOR;;1.250,00;3;;3.750,00
;7797470000328;MERMELADA DE FRUTILLA FRASCO;;;;MAROLIO;;2.000,00;12;;24.000,00
;7793046008095;MERMELADA DE FRUTILLA PLASTICO;;;;DULCOR;;1.510,00;2;;3.020,00
;7793046008446;MERMELADA DE HIGO;;;;DULCOR;;2.032,00;2;;4.064,00
;002;MERMELADA DE MEMB. CASERA;;;;;;1.800,00;1;;1.800,00
;7798077160606;MERMELADA DE TOMATE;;;;PROFECIA;;2.738,00;2;;5.476,00
;2754697495129;MERMELADA FRASCO DUR;;;;LI-AN;;1.800,00;1;;1.800,00
;763571825952;MERMELADA FRASCO DUR.;;;;SANTA CLARA;;1.800,00;1;;1.800,00
;7793046008613;MERMELADA LIGHT DURAZNO;;;;DULCOR;;1.147,00;1;;1.147,00
;310;MEZCLA P/ CABALLO 25 KG;;;;CONECAR;;13.700,00;1;;13.700,00
;189;MEZCLA P/ PAJAROS;;;;;;900,00;10;;9.000,00
;0022;MICHELIN DINI;;;;;;700,00;3;;2.100,00
;7792798014019;MICHELO ULTRA ;;;;QUILMES;;2.000,00;2;;4.000,00
;7798090660022;MIEL FRASCO 500 GS;;;;EL NONO LUIS;;2.500,00;2;;5.000,00
;7622210719829;MILKA BIS;;;;MILKA;;900,00;13;;11.700,00
;7622210788207;MILKA BIS;;;;MILKA;;116,00;32;;3.712,00
;7793147571382;MILLER 710;;;;;;4.000,00;3;;12.000,00
;7790040129764;MINI ALFAJOR X 6UN;;;;ARCOR;;2.000,00;18;;36.000,00
;7790040133570;MINI NTORTA BLANCO;;;;AGUILA;;850,00;1;;850,00
;7790040133594;MINI TORTA BROWNIE;;;;AGUILA;;850,00;1;;850,00
;7790040133600;MINI TORTA COCO;;;;AGUILA;;850,00;4;;3.400,00
;7791813421153;MIRINDA NARANJA 1,5 L;;;;PEPSI;;2.500,00;5;;12.500,00
;7798115470698;MIX ENERGIA;;;;CORMILLOT;;750,00;6;;4.500,00
;7798115470681;MIX TRAFUL;;;;CORMILLOT;;525,00;6;;3.150,00
;0010;MONEDA DE CHOCOLATE;;;;;;360,00;41;;14.760,00
;7798422620083;MONSTER AMARILLO;;;;COCA COLA;;2.200,00;6;;13.200,00
;7798422620021;MONSTER BLANCO;;;;;;2.300,00;2;;4.600,00
;7798046190139;MOPA LARGA ;;;;DOÑA MOPA;;1.600,00;1;;1.600,00
;7795933208144;MORRONES EN LATA 130 GS;;;;BAHIA;;2.000,00;2;;4.000,00
;7790079001031;MORTADELA MINI;;;;PALADINI;;2.713,00;2;;5.426,00
;7622300724269;MOSTACHOL ;;;;TERRABUSI;;850,00;1;;850,00
;7791866004211;MOSTAZA 250 ML;;;;NATURA;;800,00;3;;2.400,00
;7791560527955;MUMM LEGER LATA;;;;;;2.000,00;6;;12.000,00
;;;;;;Pág. 25 
;Stock Valorizado;;;;;;;;;;11/7/2026
;Código;Descripción;;;;Marca;Costo;;Stock;St.Valorizado
;7798141970407;MUNICIONES;;;;PROVIDENCIA;;644,00;3;;1.932,00
;8445291029408;NESKUIK 180 GS;;;;NESQUIK;;1.273,00;2;;2.546,00
;8445291121881;NESKUIK 360 GS;;;;NESTLE;;3.009,00;3;;9.027,00
;77981135764623;NEW STYLE BUBLE GUM;;;;NEW STYLE;;4.000,00;2;;8.000,00
;7798135762919;NEW STYLE FRUTOS ROJOS;;;;NEW STYLE;;3.254,00;2;;6.508,00
;7798141971398;NIDO SPAGHETTI;;;;PROVIDENCIA;;990,00;1;;990,00
;7797470008102;NIDOS SPAGHETTI;;;;MAROLIO;;1.000,00;4;;4.000,00
;7798141971404;NIDOS TAGLIATELLE;;;;PROVIDENCIA;;990,00;3;;2.970,00
;7790717152057;NOVECENTO;;;;NOVECENTO;;2.500,00;30;;75.000,00
;7792360092728;NUGATON 100 GS;;;;NUGATON;;850,00;2;;1.700,00
;7792360072461;NUGATON 27 GS;;;;BONAFIDE;;400,00;4;;1.600,00
;7792360072447;NUGATON 27 GS;;;;BONAFIDE;;400,00;3;;1.200,00
;7798068288128;NUGGETS DE POLLO;;;;GRANGYS;;2.900,00;2;;5.800,00
;7898024395232;NUTELLA 140 GS;;;;;;3.200,00;3;;9.600,00
;7790070562043;ÑOQUIS DE PAPA;;;;LUCCHETTI;;1.850,00;3;;5.550,00
;7790580346515;OBLEA BOB;;;;ARCOR;;650,00;8;;5.200,00
;7790380026426;OBLEA MANTECOL,,,;;;;GEORGALOS;;450,00;11;;4.950,00
;7798126072355;OBLEA SINFONIA FRUTILLA;;;;GAONA;;260,00;8;;2.080,00
;7798126072331;OBLEA SINFONIA VAINILLA;;;;GAONA;;260,00;6;;1.560,00
;7793123160050;OBLITA CHOCOLATE;;;;OBLITA;;290,00;2;;580,00
;7793123013455;OBLITA GALLETA;;;;;;250,00;4;;1.000,00
;7793123160043;OBLITA LIMON;;;;OBLITA;;290,00;1;;290,00
;7793123013431;OBLITA MIX FRUTAL;;;;;;300,00;10;;3.000,00
;0027;PALILLOS;;;;;;480,00;7;;3.360,00
;00179;PALITO DE AGUA;;;;NAHUEL;;0,00;19;;0,00
;7790580388805;PALITO DE AGUA MOGUL;;;;ARCOR;;900,00;14;;12.600,00
;7790580142315;PALITO DE AGUA MOGUL;;;;ARCOR;;900,00;11;;9.900,00
;7798141971169;PAMPERITOS;;;;PROVIDENCIA;;644,00;2;;1.288,00
;7790989000018;PAN DE CARNE;;;;CHANGUITO;;2.500,00;4;;10.000,00
;409;PAN DE LOMO X  2 UN;;;;MAURI;;2.600,00;1;;2.600,00
;7798168300010;PAN DE PANCHO;;;;LA PROVEEDORA;;760,00;3;;2.280,00
;7793890258790;PAN DE PANCHO X 6;;;;LACTAL;;1.300,00;2;;2.600,00
;7792360092667;PAN DULCE C/ CHIPS;;;;BONAFIDE;;2.550,00;2;;5.100,00
;7790040127272;PAN DULCE C/ FRUTAS;;;;ARCOR;;4.631,00;2;;9.262,00
;7792360091912;PAN DULCE C/ FRUTAS;;;;BONAFIDE;;2.402,00;2;;4.804,00
;7790040127265;PAN DULCE C/CHIPS;;;;ARCOR;;7.500,00;6;;45.000,00
;7790040127319;PAN DULCE C/FRUTAS ;;;;BAGLEY;;7.000,00;5;;35.000,00
;7790040127258;PAN DULCE S/FRUTAS;;;;ARCOR;;6.000,00;5;;30.000,00
;205;PAN DULCE TIPO CASERO;;;;;;2.200,00;1;;2.200,00
;7793890258776;PAN LACTAL DE SALVADO;;;;LACTAL;;1.800,00;1;;1.800,00
;7798138554948;PAN RALLADO 500 GS;;;;MOLTO;;720,00;8;;5.760,00
;723540605831;PANDE PANCHO  JIMENEZ;;;;JIMENEZ;;900,00;20;;18.000,00
;;;;;;Pág. 26 
;Stock Valorizado;;;;;;;;;;11/7/2026
;Código;Descripción;;;;Marca;Costo;;Stock;St.Valorizado
;7798350082380;PAÑALES BOLSON;;;;DUFFY;;6.200,00;1;;6.200,00
;7794626013461;PAÑALES G 8 UN;;;;HUGGIES;;2.600,00;4;;10.400,00
;7794626015014;PAÑALES G AMARILLO 8 UN;;;;HUGGIES;;2.600,00;10;;26.000,00
;7794626013577;PAÑALES P 8 UN ;;;;HUGGIES;;2.600,00;3;;7.800,00
;7794626011856;PAÑALES XG  8 UNG;;;;HUGGIES;;2.600,00;2;;5.200,00
;7794626013485;PAÑALES XXG 8UN;;;;HUGGIES;;2.600,00;3;;7.800,00
;7791625000270;PAÑO AMARILLO;;;;EXTRALIMP;;650,00;2;;1.300,00
;7790927817128;PAÑO AMARILLO;;;;VIRULANA ;;950,00;1;;950,00
;7791625005091;PAÑO AMARILLO;;;;ECOOOO;;420,00;9;;3.780,00
;7794440005109;PAÑO AMARILLO;;;;VIRULANA ;;850,00;2;;1.700,00
;7798136921452;PAÑO DE MICRIFIBRA;;;;MEDIA NARANJA;;3.100,00;1;;3.100,00
;754697500816;PAÑUELOS DESCARTABLES;;;;MAXI SEC;;200,00;34;;6.800,00
;7793344804290;PAÑUELOS DESCARTABLES;;;;ELEGANTE;;200,00;2;;400,00
;7798066075393;PAPAS C/ PROVENZAL 65 GS;;;;SLICES;;1.000,00;2;;2.000,00
;7798066075287;PAPAS CON CHEDDAR;;;;SLICES;;1.100,00;3;;3.300,00
;7798066076277;PAPAS CON SALAME;;;;SLICES;;1.100,00;3;;3.300,00
;7798052360618;PAPAS FRITAS 20 GS;;;;NIKITOS;;500,00;10;;5.000,00
;7790040153165;PAPAS FRITAS ORIGINAL;;;;SALADIX;;1.500,00;2;;3.000,00
;7798066077250;PAPAS PICANTE ARGENTINO;;;;SLICES;;1.100,00;2;;2.200,00
;7790360981042;PAPAS PRE FRITAS 700 GS;;;;SWIFT;;3.175,00;2;;6.350,00
;724373618500;PAPEL ALUMINIO 5 M;;;;CACIQUE;;1.220,00;1;;1.220,00
;0028;PAPEL DE FUMAR;;;;;;350,00;22;;7.700,00
;724373618494;PAPEL FILM 15 M;;;;CACIQUE;;1.312,00;2;;2.624,00
;7790250026136;PAPEL HIGIENICO 30 MS;;;;ELITE;;1.300,00;49;;63.700,00
;7791828000060;PAPEL HIGIENICO 6UN ;;;;FELPITA;;1.652,00;120;;198.240,0
;;;;;;;;;;;0
;7791828000657;PAPEL HIGIENICO 80 M;;;;FELPITA;;3.600,00;4;;14.400,00
;076625282787;PAPEL HIGIENICO INDIV;;;;X-TRA;;350,00;29;;10.150,00
;714604522539;PAPEL HIGIENICO MANZANAR;;;;;;500,00;1;;500,00
;7797470129760;PAPEL HIGIENICO X 4UN;;;;ESCENCIAL;;1.100,00;12;;13.200,00
;7797470129678;PAPEL HIGIENICO X 6 UN;;;;ESCENCIAL;;1.600,00;2;;3.200,00
;7798066075270;PAPS C/KETCHUP;;;;SLICES;;1.100,00;1;;1.100,00
;0011;PARAGUITAS;;;;;;720,00;15;;10.800,00
;206;PARCHES N3;;;;;;150,00;6;;900,00
;207;PARCHES N4 ;;;;;;200,00;35;;7.000,00
;7792360097105;PASA BAÑADAS CHOC;;;;BONAFIDE;;1.000,00;3;;3.000,00
;7790580141707;PASAS COFLER 100 GS;;;;ARCOR;;4.000,00;100;;400.000,0
;;;;;;;;;;;0
;7791813420385;PASO DE LOS TOROS 500ML;;;;PEPSI;;1.000,00;99;;99.000,00
;7791813421382;PASO DE LOS TOROS POMELO 1,5 L;;;;PEPSI;;2.500,00;12;;30.000,00
;7791813421368;PASO DE LOS TOROS TONICA 1,5L;;;;PEPSI;;2.500,00;11;;27.500,00
;7500435150262;PASTA DENTAL 150 GS;;;;ORAL-B;;3.900,00;1;;3.900,00
;7506339363883;PASTA DENTAL 70 GS;;;;ORAL-B;;1.145,00;9;;10.305,00
;7509546687285;PASTA DENTAL 70 GS;;;;ODOL;;1.400,00;10;;14.000,00
;;;;;;Pág. 27 
;Stock Valorizado;;;;;;;;;;11/7/2026
;Código;Descripción;;;;Marca;Costo;;Stock;St.Valorizado
;7500435122764;PASTA DENTAL 70 GS ;;;;ORAL-B;;1.500,00;10;;15.000,00
;7509546692227;PASTA DENTAL 90 GS;;;;KOLYNOS;;1.650,00;3;;4.950,00
;7509546685847;PASTA DENTAL NIÑO;;;;ODOLITO;;1.350,00;2;;2.700,00
;7791130302517;PASTILLA INODORO X 2 UN;;;;HARPIC;;3.000,00;1;;3.000,00
;7790360965127;PATE;;;;LA BLANCA;;470,00;10;;4.700,00
;7798068287404;PATITAS DE POLLO 1 KG ;;;;GRANGYS;;6.000,00;10;;60.000,00
;9771473968012;PEGAMENTO ;;;;;;900,00;9;;8.100,00
;7790070336361;PENNE RIGATE;;;;LUCCHETTI;;950,00;2;;1.900,00
;7791813888413;PEPSI 1,5 L DESCARTABLE;;;;PEPSI;;2.500,00;5;;12.500,00
;7791813828365;PEPSI BLACK 500ML;;;;PEPSI;;1.000,00;100;;100.000,0
;7791813888444;PEPSI RECO;;;;PEPSI;;2.300,00;27;;62.100,000
;7797470000878;PERAS LATA 820 GS;;;;MAROLIO;;1.650,00;3;;4.950,00
;0123456789123;PERCHAS PLASTICAS X 4 UN;;;;VAGLI;;1.200,00;2;;2.400,00
;0030;PERCHERO REDONDO;;;;;;2.500,00;1;;2.500,00
;0046;PERCHERO ROSA;;;;;;3.000,00;1;;3.000,00
;6920240529168;PERFILADOR DE CEJAS;;;;;;1.450,00;3;;4.350,00
;7793253006587;PERFUME DE PISO TROPICAL;;;;POETT;;1.152,00;1;;1.152,00
;7798184680578;PERFUME EN AEROSOL;;;;SAPHIRUS;;3.100,00;1;;3.100,00
;7798184685641;PERFUME EN AEROSOL;;;;SAPHIRUS;;3.100,00;1;;3.100,00
;7798184680516;PERFUME EN AEROSOL;;;;SAPHIRUS;;3.100,00;1;;3.100,00
;7798184680356;PERFUME EN AEROSOL;;;;SAPHIRUS;;3.100,00;1;;3.100,00
;7798184680820;PERFUME EN AEROSOL;;;;SAPHIRUS;;3.100,00;1;;3.100,00
;7793253003647;PERFUME PARA PISO;;;;POETT;;1.152,00;10;;11.520,00
;7793253003470;PERFUME PARA PISO;;;;POETT;;1.152,00;10;;11.520,00
;0041;PERFUME SPRAY;;;;SAPHIRUS;;2.000,00;11;;22.000,00
;7790260024023;PETACA DE ANIS;;;;;;1.800,00;2;;3.600,00
;7790989003248;PICADILLO;;;;LA NEGRA;;400,00;18;;7.200,00
;7790360966582;PICADILLO PICANTE;;;;LA BLANCA;;600,00;9;;5.400,00
;7798094220994;PICNIC;;;;;;300,00;1000;;300.000,0
;8999002671962;PILAS AA  ;;;;ENERGIZER;;1.000,00;4;;4.000,000
;7796962998525;PILAS AA    ;;;;PHILCO;;840,00;8;;6.720,00
;041333045412;PILAS AAA;;;;DURACELL;;1.000,00;22;;22.000,00
;2127796962998532;PILAS AAA;;;;PHILCO;;750,00;8;;6.000,00
;8999002672068;PILAS AAA;;;;ENERGIZER;;1.000,00;2;;2.000,00
;783094051386;PILAS AAA;;;;CANDELA;;600,00;3;;1.800,00
;039800052636;PILAS AAA X  UN;;;;EVEREADY;;650,00;4;;2.600,00
;7790198000014;PIMENTON 25 GS ;;;;GALVAN;;350,00;9;;3.150,00
;7790198000052;PIMIENTA BLANCA 25 GS;;;;GALVAN;;660,00;9;;5.940,00
;009;PIMIENTA MOLIDA ;;;;AROMAS DEL;;350,00;23;;8.050,00
;;;;;;MONTE
;7791885413735;PIMIENTO MORRON 185 GS;;;;CUMANA;;1.228,00;2;;2.456,00
;7790645001199;PIMIENTOS MORRONES 185 GS;;;;CARACAS;;2.250,00;3;;6.750,00
;7790645003315;PIMIENTOS MORRONES EN LATA;;;;CARACAS;;1.222,00;1;;1.222,00
;;;;;;Pág. 28 
;Stock Valorizado;;;;;;;;;;11/7/2026
;Código;Descripción;;;;Marca;Costo;;Stock;St.Valorizado
;7795293204107;PIONONO;;;;DON YEYO;;2.863,00;2;;5.726,00
;7798044150555;PIPAS GIGANTES;;;;;;350,00;6;;2.100,00
;77965233;PIPAS ROJAS;;;;;;220,00;32;;7.040,00
;00200;POLLUELOS;;;;;;200,00;23;;4.600,00
;7795194000310;POLVO DE HORNEAR 50 GS;;;;JTAL;;400,00;8;;3.200,00
;427;POLVO DE HORNEAR SUELTO KG;;;;;;5.400,00;10000;;0,0054.000.00
;7791905004486;POLVO LIPIADOR;;;;ODEX;;1.600,00;3;;4.800,00
;7793350992950;POMADA BLANCA P/ZAPATO;;;;WASHINGTON;;2.200,00;2;;4.400,00
;7793350000440;POMADA LIQUIDA;;;;WASHINGTON;;2.500,00;1;;2.500,00
;7793350000419;POMADA LIQUIDA;;;;WASHINGTON;;3.000,00;3;;9.000,00
;77999986;POMADA P/ ZAPATO;;;;COLIBRI;;2.000,00;3;;6.000,00
;77999962;POMADA P/ ZAPATO;;;;COLIBRI;;2.000,00;2;;4.000,00
;7793350102304;POMADA P/ZAPATO;;;;WASHINGTON;;2.100,00;2;;4.200,00
;7790790120332;POROTOS;;;;INCA;;650,00;1;;650,00
;7798094010588;POROTOS ALUBIA 400 GS;;;;LEGUMPACK;;1.150,00;5;;5.750,00
;7792350067095;POROTOS COLORADOS;;;;INALPA;;700,00;3;;2.100,00
;7792350067088;POROTOS EN LATA;;;;INALPA;;412,00;9;;3.708,00
;7798094010687;POROTOS PALLARES;;;;LEGUMPACK;;2.600,00;2;;5.200,00
;0023;PORTA SUBE;;;;;;300,00;5;;1.500,00
;7790787087204;POSTRE C/ROCKLETS;;;;ILOLAY;;2.000,00;23;;46.000,00
;7791337008519;POSTRE CHOCOLATE;;;;LA SERENISIMA;;650,00;2;;1.300,00
;7798001562704;POSTRE CHOCOLATE;;;;CREMIGAL;;450,00;3;;1.350,00
;7790580146856;POSTRE CHOCOLINAS 110 GS;;;;COFLER;;2.500,00;20;;50.000,00
;7790580142513;POSTRE CHOCOLINAS 110 GS;;;;ARCOR;;2.000,00;47;;94.000,00
;7790580141394;POSTRE COFLER BLOCK 110 GS;;;;ARCOR;;3.000,00;48;;144.000,0
;;;;;;;;;;;0
;97622201705169;POSTRE DE CHOCOLATE;;;;ROYAL;;900,00;3;;2.700,00
;7622300871949;POSTRE DE DULCE DE LECHE;;;;ROYAL;;900,00;1;;900,00
;7791337008502;POSTRE DE VAINILLA;;;;LA SERENISIMA;;650,00;3;;1.950,00
;78954731;POSTRE DUCREM;;;;DUCREM;;100,00;36;;3.600,00
;7790580121877;POSTRE HELADO AGUILA;;;;ARCOR;;7.700,00;2;;15.400,00
;7790580121907;POSTRE HELADO BON O BON;;;;ARCOR;;7.700,00;1;;7.700,00
;7790580121891;POSTRE HELADO CHOCOLINAS;;;;ARCOR;;7.700,00;2;;15.400,00
;7790580121860;POSTRE HELADO TOFI;;;;ARCOR;;7.700,00;1;;7.700,00
;7798001562681;POSTRE VAINILLA;;;;CREMIGAL;;450,00;1;;450,00
;7790895641183;POWERADE 500 ML;;;;COCA COLA;;1.500,00;3;;4.500,00
;7790895648687;POWERADE 500 ML;;;;COCA COLA;;1.500,00;10;;15.000,00
;7790895006104;POWERADE 995 ML;;;;COCA COLA;;1.600,00;4;;6.400,00
;7794122013071;POXI-RAN;;;;;;3.100,00;6;;18.600,00
;7794122001870;POXILINA;;;;;;3.670,00;1;;3.670,00
;7798194560037;PRESERVATIVOS;;;;PLAYBOY;;1.500,00;6;;9.000,00
;7798140256977;PRESERVATIVOS M;;;;;;1.500,00;2;;3.000,00
;7798140257011;PRESERVATIVOS M;;;;;;1.500,00;3;;4.500,00
;;;;;;Pág. 29 
;Stock Valorizado;;;;;;;;;;11/7/2026
;Código;Descripción;;;;Marca;Costo;;Stock;St.Valorizado
;7798140256991;PRESERVATIVOS M;;;;;;1.500,00;4;;6.000,00
;7798140257028;PRESERVATIVOS M;;;;;;1.500,00;3;;4.500,00
;7790580138738;PRESTO PRONTA;;;;ARCOR;;1.061,00;1;;1.061,00
;7500435198769;PRESTOBARBA AZUL;;;;GILLETTE;;1.200,00;6;;7.200,00
;7500435154437;PRESTOBARBA AZUL Y VERDE;;;;GILLETTE;;1.150,00;11;;12.650,00
;7500435239509;PRESTOBARBA ROSA;;;;GILLETTE;;1.654,00;1;;1.654,00
;7791913000623;PRITTY 500 ML  ;;;;PRITTY;;800,00;6;;4.800,00
;7790940235077;PROTECTORES DIARIOS;;;;DONCELLA;;602,00;17;;10.234,00
;7790940233240;PROTECTORES DIARIOS;;;;DONCELLA;;520,00;8;;4.160,00
;7790770602285;PROTECTORES DIARIOS;;;;CALIPSO;;700,00;6;;4.200,00
;7790770602964;PROTECTORES DIARIOS;;;;NOSOTRAS;;1.000,00;10;;10.000,00
;7790940235084;PROTECTORES DIARIOS ;;;;DONCELLA;;750,00;5;;3.750,00
;7790940233004;PROTECTORES DIARIOS TANGA;;;;DONCELLA;;850,00;5;;4.250,00
;7798094010083;PROVENZAL;;;;AROMAS DEL;;400,00;8;;3.200,00
;;;;;;MONTE
;7790580129279;PUIRE DE TOMATE 210 GS;;;;ARCOR;;550,00;3;;1.650,00
;6904013133233;PULSERAS CARACOL;;;;;;150,00;10;;1.500,00
;7790199603177;PURE DE PAPAS 125 GS;;;;MORIXE;;1.000,00;6;;6.000,00
;7790036006727;PURE DE TOMATE 113GS;;;;DE LA HUERTA;;250,00;4;;1.000,00
;7798138553408;PURE DE TOMATE 340 GS;;;;MOLTO;;550,00;13;;7.150,00
;7797470008553;PURE DE TOMATE 340 GS;;;;MAROLIO;;692,00;3;;2.076,00
;7793360000157;PURE DE TOMATE 520 GS;;;;SALSATI;;505,00;4;;2.020,00
;7790580138868;PURE DE TOMATE 520 GS;;;;LA CAMPAGNOLA;;510,00;1;;510,00
;7790036975368;PURE DE TOMATE 520 GS;;;;DE LA HUERTA;;700,00;8;;5.600,00
;7790580146115;PURE DE TOMATE 520 GS;;;;ARCOR;;600,00;9;;5.400,00
;7792882029370;QUESO CREMA ;;;;LA QUESERA;;1.527,00;4;;6.108,00
;7792882029363;QUESO CREMA CLASICO;;;;LA QUESERA;;1.500,00;6;;9.000,00
;7791058790014;QUESO GOURMET;;;;MANFREY;;2.206,00;5;;11.030,00
;403;QUESO PATEGRAS ;;;;SANCOR;;1.700,00;3,48;;5.916,00
;7791058000199;QUESO RALLADO;;;;MANFREY;;1.109,00;10;;11.090,00
;7790742222909;QUESO RAYADO;;;;LA SERENISIMA;;950,00;5;;4.750,00
;7794820000304;QUESO RAYADO 40 GS;;;;MILKAUT;;1.000,00;2;;2.000,00
;7790080040067;QUESO UNTABLE LIGHT 290 GS;;;;MENDICRIM;;2.000,00;1;;2.000,00
;7792798007387;QUILMES BOTELLA;;;;QUILMES;;3.000,00;61;;183.000,0
;;;;;;;;;;;0
;7792798007400;QUILMES NEGRA BOTELLA;;;;QUILMES;;3.000,00;9;;27.000,00
;7792798001316;QUILMES STOUT LATA;;;;QUILMES;;1.500,00;5;;7.500,00
;424;QUITA SARRO 1 L;;;;;;2.000,00;6;;12.000,00
;7791274005282;QUITAESMALTE ALGABO;;;;;;770,00;3;;2.310,00
;7791130001748;QUITAMANCHAS 400 ML;;;;VANISH;;2.500,00;1;;2.500,00
;7793253003258;QUITAMANCHAS BLANCO ;;;;AYUDIN;;1.450,00;2;;2.900,00
;7793253003234;QUITAMANCHAS COLOR;;;;AYUDIN;;1.350,00;1;;1.350,00
;7793253003241;QUITAMANCHAS COLOR 650 ML;;;;AYUDIN;;1.950,00;1;;1.950,00
;7791130001762;QUITAMANCHAS OXI-GEL 400 ML;;;;VANISH;;2.850,00;1;;2.850,00
;;;;;;Pág. 30 
;Stock Valorizado;;;;;;;;;;11/7/2026
;Código;Descripción;;;;Marca;Costo;;Stock;St.Valorizado
;7790580149970;RAMEN SABOR CARNE;;;;ARCOR;;630,00;6;;3.780,00
;7790580149963;RAMEN SABOR POLLO;;;;ARCOR;;700,00;20;;14.000,00
;210;RAVIOLES 500 GS;;;;LA ITALIANA;;1.500,00;1;;1.500,00
;7795293106111;RAVIOLES 500 GS ESPINACA Y CARNE;;;;DON YEYO;;1.969,00;1;;1.969,00
;7791664000286;RAVIOLES 500 GS RICOTTA;;;;LA ITALIANA;;1.806,00;9;;16.254,00
;416;REBACILLO BOLSA 25 KG;;;;;;8.950,00;1;;8.950,00
;195;RECOLECTOR DE ORINA;;;;;;300,00;10;;3.000,00
;400;RECRIA PARA PAJARO;;;;;;800,00;5;;4.000,00
;90435225;RED BULL 355 ML;;;;RED BULL;;3.500,00;1;;3.500,00
;9002490280055;RED BULL GREEN ED 250ML;;;;RED BULL;;2.500,00;99;;247.500,0
;9002490284152;RED BULL WINTER EDITION 250ML;;;;RED BULL;;2.900,00;100;;290.000,00
;;;;;;;;;;;0
;7791625004469;REJILLA;;;;EXTRALIMP;;700,00;1;;700,00
;004;REJILLA;;;;OK;;350,00;1;;350,00
;7790560010672;REJILLA ;;;;SED METAL;;900,00;2;;1.800,00
;076625270739;REJILLA ;;;;ULTRA LIMPIO;;700,00;3;;2.100,00
;7798136921704;REJILLA AMERICANA;;;;MEDIA NARANJA;;630,00;1;;630,00
;7798024450347;REJILLA DE PABILO;;;;MISTER TRAPO;;450,00;4;;1.800,00
;7794321000049;REJILLA PABILO;;;;TASK;;512,00;2;;1.024,00
;7790580143961;RELLENO P/TARTAS CHOCLO;;;;LA CAMPAGNOLA;;1.800,00;5;;9.000,00
;7790580144111;RELLENO P/TARTAS VERDURA;;;;LA CAMPAGNOLA;;1.800,00;6;;10.800,00
;0042;REPASADOR CON FLECOS;;;;;;1.430,00;2;;2.860,00
;7798136921407;REPASADOR DE MICROFIBRA;;;;;;3.000,00;6;;18.000,00
;77980755;REPELENTE 60 GS;;;;OFF;;2.570,00;6;;15.420,00
;7899674009760;REPELENTE EN AEROSOL;;;;DOMLINE;;2.000,00;1;;2.000,00
;7791274197062;REPELENTE SPRAY;;;;VAIS;;2.000,00;7;;14.000,00
;7790740000677;REPUESTO 300 ML;;;;PLUSBELLE;;1.100,00;2;;2.200,00
;7797290195600;REPUESTO BAÑO  450 ML;;;;CIF;;1.350,00;1;;1.350,00
;7500435185172;REPUESTO MACH 3;;;;GILLETTE;;2.900,00;7;;20.300,00
;77995681;RHODESIA;;;;TERRABUSI;;435,00;21;;9.135,00
;7798138555471;RIGATTI;;;;STA ISABEL;;579,00;6;;3.474,00
;7791625008436;ROCIADOR P/ LIQUIDO 500CC;;;;ECOOOO;;1.779,00;2;;3.558,00
;7790272000954;ROCIO  VEGETAL;;;;NATURA;;3.000,00;1;;3.000,00
;7790580122652;ROCKLETS 3 CHOCOLATES;;;;ARCOR;;4.000,00;10;;40.000,00
;7790580423001;ROCKLETS MANI 120 GS;;;;ARCOR;;3.500,00;50;;0175.000,0
;7791625004049;ROLLITO DE ACERO;;;;ECOOOO;;339,00;12;;4.068,00
;7791070003222;ROLLO COCINA X 3 UN;;;;SOL MAYOR;;900,00;3;;2.700,00
;7791828000626;ROLLO COCINA X3;;;;CARTABELLA;;0,00;1;;0,00
;7798130889444;ROLLO DE COCINA X 3;;;;SUAPEL;;900,00;1;;900,00
;7797470129647;ROLLO DE COCINA X 3;;;;ESCENCIAL;;1.000,00;10;;10.000,00
;7796613302671;ROLLO DE COCINA X 3 UN;;;;CLEAN LINE;;900,00;11;;9.900,00
;4217798130889383;ROLLO DE COCINA X 3 UN;;;;CAUTIVA;;700,00;8;;5.600,00
;7790580134532;ROMERO15 GS;;;;LA CAMPAGNOLA;;650,00;2;;1.300,00
;;;;;;Pág. 31 
;Stock Valorizado;;;;;;;;;;11/7/2026
;Código;Descripción;;;;Marca;Costo;;Stock;St.Valorizado
;7790150434420;SABORISANTE;;;;ALICANTE;;300,00;24;;7.200,00
;7790150434857;SABORISANTE PANCETA;;;;ALICANTE;;300,00;20;;6.000,00
;7790150433423;SABORISANTE VERDURA;;;;ALICANTE;;300,00;32;;9.600,00
;7790150438794;SABORIZANTE;;;;ALICANTE;;300,00;50;;15.000,00
;7790150438275;SABORIZANTE;;;;ALICANTE;;300,00;24;;7.200,00
;7790150439357;SABORIZANTE;;;;ALICANTE;;300,00;26;;7.800,00
;7790150437780;SABORIZANTE ALBAHACA;;;;KNORR;;300,00;13;;3.900,00
;0033;SAHUMERIOS AROMANZA;;;;;;2.500,00;2;;5.000,00
;7790936000061;SAL FINA 500 GS;;;;TRESAL;;400,00;13;;5.200,00
;7798094010342;SAL FINA 500 GS;;;;AROMAS DEL;;450,00;6;;2.700,00
;7792900092706;SAL FINA 500GS;;;;DOS ESTRELLASMONTE;;464,00;1;;464,00
;7792900000138;SAL FINA CAJA 500 GS;;;;DOS ANCLAS;;1.200,00;3;;3.600,00
;7790072002080;SAL FINA CAJA 500 GS;;;;CELUSAL;;950,00;2;;1.900,00
;7791004000099;SAL GRUESA 1 KG;;;;CELUSAL;;1.800,00;5;;9.000,00
;7792900092720;SAL GRUESA 1 KG;;;;DOS ESTRELLAS;;900,00;5;;4.500,00
;7791004000822;SAL GRUESA 500 GS;;;;CELUSAL;;1.000,00;1;;1.000,00
;7792900092683;SAL PARRILLERA 500 GS;;;;DOS ANCLAS;;850,00;5;;4.250,00
;9111499600013;SAL SABORIZADA;;;;UMAMI;;1.400,00;3;;4.200,00
;7790040147751;SALADIX BOLSA  60 GS XTRA;;;;ARCOR;;900,00;2;;1.800,00
;7790580697303;SALADIX CAJA PIZZA;;;;ARCOR;;1.100,00;2;;2.200,00
;7790040152038;SALADIX CALABRESA 40 GS;;;;ARCOR;;500,00;1;;500,00
;7790040374607;SALADIX DUO CAJA;;;;ARCOR;;1.100,00;3;;3.300,00
;7790040152014;SALADIX JAMON 40 GS;;;;ARCOR;;500,00;2;;1.000,00
;7790040133846;SALADIX PICANTE 60  GS;;;;ARCOR;;900,00;2;;1.800,00
;7790040152021;SALADIX PIZZA 40 GS;;;;ARCOR;;500,00;5;;2.500,00
;7798102770039;SALASA BOTELLA 500 GS;;;;DON CANO;;1.200,00;5;;6.000,00
;7794110766040;SALCHICHAS ;;;;LA CASONA;;800,00;10;;8.000,00
;7790079000317;SALCHICHAS X 6 UN;;;;FELA;;950,00;12;;11.400,00
;7793040065728;SALCHICHAS X6;;;;CARCARAÑA;;800,00;9;;7.200,00
;7792350068184;SALSA 1 KG;;;;INALPA;;1.300,00;2;;2.600,00
;9358410956532;SALSA 1 KG ;;;;REALEZA;;1.000,00;4;;4.000,00
;7798079670042;SALSA 500 GS;;;;DON FRANCISCO;;1.050,00;2175;;2.283.750,
;7791636000122;SALSA 500 GS;;;;OLTA;;1.000,00;7;;7.000,0000
;763571826003;SALSA BOTELLA;;;;SANTA CLARA;;1.200,00;6;;7.200,00
;7798138552814;SALSA BOTELLA 1 KG;;;;MOLTO;;1.500,00;11;;16.500,00
;412;SALSA CASERA 1 KG;;;;;;1.000,00;5;;5.000,00
;727373125740;SALSA DE AJI 270 ML;;;;CONDIMAX;;2.500,00;1;;2.500,00
;7797470007327;SALSA DE AJI PICANTE;;;;MAROLIO;;1.200,00;2;;2.400,00
;727373125764;SALSA DE AJI PICANTE CH;;;;CONDIMAX;;2.100,00;10;;21.000,00
;7791866000480;SALSA GOLF 250 GS;;;;NATURA;;1.138,00;5;;5.690,00
;7790580134440;SALSA LISTA ITALIANA;;;;LA CAMPAGNOLA;;1.000,00;1;;1.000,00
;7790580133146;SALSA LISTA POMAROLA;;;;LA CAMPAGNOLA;;1.000,00;2;;2.000,00
;;;;;;Pág. 32 
;Stock Valorizado;;;;;;;;;;11/7/2026
;Código;Descripción;;;;Marca;Costo;;Stock;St.Valorizado
;7793147572327;SALTA CAUTIVA RUBIA 473 ML;;;;SALTA  CAUTIV A;;1.500,00;6;;9.000,00
;7790645003575;SARDINAS;;;;CARACAS;;1.830,00;3;;5.490,00
;7792750000074;SARDINAS EN ACEITE;;;;MARBELLA;;1.650,00;2;;3.300,00
;7790202000320;SARDINAS EN ACEITE;;;;PENNISI;;1.822,00;2;;3.644,00
;7798121880153;SARDINAS EN ACEITE;;;;SAN REMO;;1.700,00;3;;5.100,00
;7794000006515;SAVORA 60 GS;;;;SAVORA;;464,00;109;;50.576,00
;7793147118860;SCHNEIDER 473 ML;;;;SCHNEIDER;;1.800,00;6;;10.800,00
;7793147570606;SCHNEIDER 710;;;;SCHNEIDER;;3.000,00;117;;351.000,0
;;;;;;;;;;;0
;7790895648571;SCHWEPERS 310 ML LATA;;;;COCA COLA;;1.000,00;8;;8.000,00
;005;SECADOR DE PISO N30;;;;SUPY;;1.500,00;1;;1.500,00
;7792066003516;SECADOR DE PISO N30;;;;DILON;;2.750,00;1;;2.750,00
;410;SECADOR DE PISO N40 BLANCO;;;;DILON;;3.465,00;1;;3.465,00
;7792066003325;SECADOR DE PISO N40 ROJO;;;;DILON;;3.200,00;1;;3.200,00
;7791625000232;SECADOR N 40 DE GOMA NEGRA;;;;ALMA DE ACERO;;1.870,00;1;;1.870,00
;312;SEMITA CABODI 25 KG;;;;;;7.260,00;1;;7.260,00
;7791828000404;SERVILLETA X 40;;;;FELPITA;;500,00;2;;1.000,00
;7790250057765;SERVILLETAS X 80 UN;;;;SUSEX,;;1.000,00;3;;3.000,00
;7791813444411;SEVEN UP 1,5 L DESCARTABLE;;;;SEVEN UP;;2.500,00;3;;7.500,00
;7791813555100;SEVEN UP RECCO;;;;SEVEN UP;;2.300,00;1;;2.300,00
;7790740001384;SHAMPOO 1 L;;;;PLUSBELLE;;2.500,00;2;;5.000,00
;7791293050393;SHAMPOO 1 L JAZMIN;;;;SUAVE ;;2.500,00;1;;2.500,00
;7791293046365;SHAMPOO 190 ML;;;;SEDAL;;2.500,00;2;;5.000,00
;7791293051420;SHAMPOO 190 ML;;;;SEDAL;;2.500,00;2;;5.000,00
;7500435235464;SHAMPOO 200 ML;;;;PANTENE;;3.500,00;2;;7.000,00
;7791293047003;SHAMPOO 200ML;;;;DOVE;;2.500,00;1;;2.500,00
;7791293050157;SHAMPOO 250 ML;;;;TRESEMME;;2.500,00;2;;5.000,00
;7500435248037;SHAMPOO ANTICAIDA 300 ML;;;;PANTENE;;6.681,00;2;;13.362,00
;7500435231244;SHAMPOO ANTICOMEZON 200ML;;;;HEAD  SHOULDERS;;4.165,00;2;;8.330,00
;7790740000271;SHAMPOO BALANCE 1 L;;;;PLUSBELLE;;2.800,00;12;;33.600,00
;7790010003162;SHAMPOO BEBE;;;;JOHNSONS;;3.500,00;1;;3.500,00
;7790010003063;SHAMPOO BEBE;;;;JOHNSONS;;3.500,00;1;;3.500,00
;7791293045658;SHAMPOO CERAMIDAS 190 ML;;;;SEDAL;;1.750,00;1;;1.750,00
;7500435191418;SHAMPOO COLAGENO 200 ML;;;;PANTENE;;3.500,00;2;;7.000,00
;7500435191425;SHAMPOO COLAGENO 300 ML;;;;PANTENE;;5.800,00;2;;11.600,00
;7500435229821;SHAMPOO DETOX 400 ML;;;;PANTENE;;4.900,00;1;;4.900,00
;7500435209632;SHAMPOO EQUILIBRIO 200ML;;;;PANTENE;;3.500,00;1;;3.500,00
;7500435241069;SHAMPOO KERATINA 200 ML;;;;PANTENE;;3.500,00;1;;3.500,00
;7790740000455;SHAMPOO LARGO S.;;;;PLUSBELLE;;3.000,00;1;;3.000,00
;7791293044927;SHAMPOO LISO 250 ML;;;;TRESEMMEESCENCIAL;;2.500,00;1;;2.500,00
;20201100;SHAMPOO LYR 200 ML;;;;HEAD  SHOULDERS;;4.165,00;2;;8.330,00
;20201123;SHAMPOO MANZANA 200 ML;;;;HEAD  SHOULDERS;;4.165,00;2;;8.330,00
;7500435019705;SHAMPOO P/ CASPA;;;;HEAD  SHOULDERS;;4.000,00;1;;4.000,00
;;;;;;Pág. 33 
;Stock Valorizado;;;;;;;;;;11/7/2026
;Código;Descripción;;;;Marca;Costo;;Stock;St.Valorizado
;7500435148047;SHAMPOO P/ CASPA;;;;HEAD  SHOULDERS;;3.000,00;1;;3.000,00
;7500435019712;SHAMPOO P/ CASPA;;;;HEAD  SHOULDERS;;5.000,00;1;;5.000,00
;7500435019811;SHAMPOO P/CASPA;;;;HEAD  SHOULDERS;;3.000,00;1;;3.000,00
;7500435148061;SHAMPOO P/CASPA 375 ML;;;;HEAD  SHOULDERS;;5.000,00;4;;20.000,00
;7790740001841;SHAMPOO REVITALIZANTE 750 ML;;;;PLUSBELLE;;2.500,00;2;;5.000,00
;;;;;;ESCENCIAL
;77982704;SHAMPOO SOBRE;;;;SEDAL;;150,00;50;;7.500,00
;7500435012102;SHAMPOO SOBRE;;;;PANTENE;;250,00;33;;8.250,00
;7506309803784;SHAMPOO SOBRE;;;;PANTENE;;250,00;28;;7.000,00
;7790740000257;SHAMPOO SUAVIDAD 1 L;;;;PLUSBELLE;;2.800,00;9;;25.200,00
;7791293047034;SHAMPPO 300 ML;;;;DOVE;;2.500,00;1;;2.500,00
;77983992;SHOT 35 GS;;;;;;1.500,00;3;;4.500,00
;7622202333255;SHOT 90G;;;;SHOT;;3.700,00;4;;14.800,00
;77914217;SHOT CHOCOLATE NEGRO 35 GS;;;;;;1.500,00;1;;1.500,00
;7790154008078;SIDRA 1930;;;;;;3.800,00;5;;19.000,00
;7791200200620;SKYY;;;;SKYY;;7.200,00;4;;28.800,00
;7791200200606;SKYY APRICOT;;;;SKYY;;8.000,00;10;;80.000,00
;7791200200873;SKYY APRICOT;;;;SKYY;;6.285,00;2;;12.570,00
;7791200200811;SKYY COSMIC;;;;SKYY;;10.000,00;3;;30.000,00
;7791200200835;SKYY COSMIC;;;;SKYY;;10.000,00;10000;;100.000.0
;;;;;;;;;;;00,00
;7791200200859;SKYY PINEAPPLE;;;;SKYY;;6.285,00;2;;12.570,00
;7790070417145;SNACK DE PIZZA,,;;;;GALLO;;900,00;1;;900,00
;7790070417206;SNACK DE QUESO;;;;GALLO;;900,00;2;;1.800,00
;7798113302656;SODA 1,5 L;;;;PINDAPOY;;700,00;10;;7.000,00
;7798399700047;SODA 500ML;;;;GRAZIANI;;700,00;20;;14.000,00
;7793653231558;SODA BOTELLA 2,25L;;;;TORASSO;;860,00;6;;5.160,00
;7793755000038;SODA BOTELLA 2L;;;;TALCA;;900,00;1;;900,00
;7798065734741;SODA LIMON ;;;;SIERRA DE LOS;;1.500,00;6;;9.000,00
;7798065732228;SODA SIFON 2 L;;;;NIHUILPADRES;;1.000,00;4;;4.000,00
;7793147573614;SOL 473 ML;;;;SOL;;2.000,00;4;;8.000,00
;7790150441343;SOPA EN SOBRE 68 GS;;;;ALICANTE;;850,00;1;;850,00
;7794000005860;SOPA EN SOBRE 70 GS;;;;KNORR;;1.200,00;1;;1.200,00
;7794000005853;SOPA EN SOBRE 80GS;;;;KNORR;;1.200,00;4;;4.800,00
;7794000005815;SOPA EN SOBRE107 GS;;;;KNORR;;1.200,00;1;;1.200,00
;7792066003554;SOPAPA;;;;DILON;;1.600,00;2;;3.200,00
;8008;SOPAPA ;;;;BROOMY;;750,00;1;;750,00
;1987790070336385;SPAGHETTI;;;;LUCCHETTI;;950,00;1;;950,00
;7798138552340;SPAGHETTI;;;;MOLTO;;550,00;12;;6.600,00
;7790070336385;SPAGHETTI ;;;;LUCCHETTI;;1.000,00;10;;10.000,00
;7798119220299;SPEED CHICO;;;;;;12.000,00;6;;72.000,00
;7798119220015;SPEED CHICO 250 ML;;;;;;1.300,00;20;;26.000,00
;7798119220374;SPEED CHICO ZERO;;;;;;1.000,00;1;;1.000,00
;7790895064173;SPRITE 1,5 L;;;;COCA COLA;;2.900,00;2;;5.800,00
;;;;;;Pág. 34 
;Stock Valorizado;;;;;;;;;;11/7/2026
;Código;Descripción;;;;Marca;Costo;;Stock;St.Valorizado
;7790895000447;SPRITE 1,5 L DESCARTABLE;;;;COCA COLA;;2.900,00;3;;8.700,00
;7790895001000;SPRITE 2,25 L DESC;;;;COCA COLA;;3.900,00;1;;3.900,00
;7790895000829;SPRITE 500 ML;;;;COCA COLA;;1.100,00;15;;16.500,00
;7790895000225;SPRITE RETORNABLE 2 L;;;;COCA COLA;;2.500,00;159;;397.500,0
;7790895006111;SPRITE VIDRIO 1,25L;;;;COCA COLA;;2.000,00;10;;20.000,000
;7790895064166;SPRITE ZERO 2,25L DESCARTABLE;;;;COCA COLA;;3.800,00;10;;38.000,00
;7792798010561;STELLA ARTOIS 1 L;;;;QUILMES;;4.000,00;10;;40.000,00
;7792798013487;STELLA ARTOIS LATA;;;;QUILMES;;3.000,00;3;;9.000,00
;7792798010639;STELLA ARTOIS NEGRA;;;;QUILMES;;3.000,00;3;;9.000,00
;7792798010615;STELLA LATA 473 ;;;;QUILMES;;2.000,00;2;;4.000,00
;7790036975115;STEVIA 200ML;;;;SI DIET;;1.500,00;2;;3.000,00
;7792129003620;STEVIA X 40 SOBRES;;;;EQUAL SWEET;;1.850,00;1;;1.850,00
;7500435172783;SUAVISANTE CONCENTRADO 200ML;;;;DOWNY;;1.800,00;1;;1.800,00
;7798124360157;SUAVISANTE P/ ROPA;;;;ECOVITA;;1.100,00;2;;2.200,00
;7798131250014;SUAVISANTE P/ ROPA;;;;HEROE;;1.450,00;2;;2.900,00
;7798131250038;SUAVISANTE P/ ROPA;;;;HEROE;;1.450,00;2;;2.900,00
;7798124361536;SUAVISANTE P/ROPA;;;;ECOVITA;;1.100,00;2;;2.200,00
;7798124360751;SUAVISANTE P/ROPA;;;;ECOVITA;;1.100,00;1;;1.100,00
;7798131250021;SUAVISANTE P/ROPA ;;;;HEROE;;1.450,00;2;;2.900,00
;7500435140966;SUAVISANTE P/ROPA 400ML;;;;DOWNY;;3.000,00;3;;9.000,00
;7791290793729;SUAVISANTE P/ROPA LILA;;;;VIVERE;;2.500,00;3;;7.500,00
;7798124362571;SUAVISANTER 3L;;;;ECOVITA;;3.800,00;2;;7.600,00
;7798140257417;SUEROX 600 ML;;;;;;1.588,00;1;;1.588,00
;7798302400057;SURTIDAS ODISEA;;;;ODISEA;;800,00;1;;800,00
;7790380013594;TABLETA DE MANI Y CACAO 90 GS;;;;GEORGALOS;;1.500,00;100;;150.000,0
;;;;;;;;;;;0
;7500810034477;TAKIS 85 GS;;;;BARCEL;;2.000,00;3;;6.000,00
;7500810034354;TAKIS ORIGINAL 140 GS;;;;;;3.000,00;12;;36.000,00
;7500810034491;TAKIS ORIGINAL49 GS;;;;BARCEL;;1.800,00;6;;10.800,00
;7500810034347;TAKIS XPLOSION 140 GS;;;;;;3.000,00;24;;72.000,00
;7500810034484;TAKIS XPLOSION 49 GS;;;;BARCEL;;1.500,00;1;;1.500,00
;15;TALCA 3 L;;;;TALCA;;2.000,00;11;;22.000,00
;7793755001837;TALCA COLA 500 ML;;;;TALCA;;600,00;8;;4.800,00
;7793755000076;TALCA NARANJA 3L;;;;TALCA;;2.000,00;6;;12.000,00
;7791274187742;TALCO 100 GS;;;;ALGABO;;1.017,00;3;;3.051,00
;7791274009532;TALCO ALGABO 200 GS;;;;ALGABO;;2.000,00;5;;10.000,00
;7622300724368;TALLARIN;;;;TERRABUSI;;850,00;3;;2.550,00
;7790070336477;TALLARIN;;;;TERRABUSI;;900,00;4;;3.600,00
;7790070336118;TALLARIN;;;;LUCCHETTI;;1.000,00;10;;10.000,00
;7798138552883;TALLARIN AL HUEVO;;;;MOLTO;;1.300,00;4;;5.200,00
;7797470000809;TALLARIN AL HUEVO;;;;MAROLIO;;1.000,00;10;;10.000,00
;7797470000816;TALLARIN CON ESPINACAS;;;;MAROLIO;;1.200,00;52;;62.400,00
;2127791664001313;TAPA PARA EMPANADAS;;;;AMICI;;630,00;1;;630,00
;;;;;;Pág. 35 
;Stock Valorizado;;;;;;;;;;11/7/2026
;Código;Descripción;;;;Marca;Costo;;Stock;St.Valorizado
;7795293000020;TAPA PARA EMPANADAS CRIOLLAS;;;;DON YEYO;;1.500,00;5;;7.500,00
;7795293101116;TAPA PARA EMPANADAS HORNO ;;;;DON YEYO;;1.500,00;6;;9.000,00
;7791664001306;TAPAS DE EMPANDAS P/FREIR;;;;AMICI;;937,00;5;;4.685,00
;7798118140017;TAPAS P/ EMPANADAS;;;;DI PASCUALI;;700,00;3;;2.100,00
;7790150321065;TE  TILO /MAN/CEDRON;;;;LA VIRGINIA;;1.450,00;2;;2.900,00
;7790150380161;TE BDE DURAZNO;;;;LA VIRGINIA;;1.300,00;2;;2.600,00
;7790150250150;TE C/ CANELA;;;;LA VIRGINIA;;1.190,00;2;;2.380,00
;7790150250525;TE CHAI;;;;LA VIRGINIA;;1.300,00;2;;2.600,00
;7790150310267;TE DE BOLDO;;;;LA VIRGINIA;;1.450,00;2;;2.900,00
;7790150350171;TE DE CEDRON;;;;LA VIRGINIA;;1.200,00;5;;6.000,00
;7790150240175;TE DE LIMON;;;;LA VIRGINIA;;1.250,00;2;;2.500,00
;7790150330166;TE DE MANZANILLA;;;;LA VIRGINIA;;1.500,00;2;;3.000,00
;7790150320266;TE DE TILO;;;;LA VIRGINIA;;1.700,00;5;;8.500,00
;7790198001288;TE DEMANZANILLA;;;;GALVAN;;600,00;6;;3.600,00
;7790150370308;TE DETOX;;;;LA VIRGINIA;;1.400,00;1;;1.400,00
;7790150240526;TE FROTOS TROP;;;;LA VIRGINIA;;1.300,00;2;;2.600,00
;7790150331088;TE MANZANILLA/ANIS;;;;LA VIRGINIA;;1.500,00;1;;1.500,00
;7790150340165;TE MENTA PEPERINA;;;;LA VIRGINIA;;1.500,00;4;;6.000,00
;7790150360262;TE MEZCLA;;;;LA VIRGINIA;;1.250,00;4;;5.000,00
;7790150255049;TE ROJO;;;;LA VIRGINIA;;1.300,00;2;;2.600,00
;7790150250570;TE VERDE/JAZMIN;;;;LA VIRGINIA;;1.300,00;1;;1.300,00
;7790480008254;TE X 25 UN;;;;GREEN HILLS;;1.250,00;3;;3.750,00
;27790150211908;TE X 25 UN;;;;LA VIRGINIA;;650,00;37;;24.050,00
;7790198000342;TE X 25 UN;;;;GALVAN;;570,00;7;;3.990,00
;78605831;TIC TAC FRUTILLA;;;;;;500,00;10;;5.000,00
;78600010;TIC TAC MENTA;;;;;;290,00;4;;1.160,00
;7791632005954;TINTURA;;;;NANTYR;;1.450,00;1;;1.450,00
;7791632047220;TINTURA;;;;NANTYR;;1.450,00;1;;1.450,00
;7791632051432;TINTURA;;;;NANTYR;;1.450,00;1;;1.450,00
;7791632047183;TINTURA;;;;NANTYR;;1.450,00;1;;1.450,00
;7791632047169;TINTURA;;;;NANTYR;;1.450,00;3;;4.350,00
;7791632046995;TINTURA;;;;NANTYR;;1.450,00;1;;1.450,00
;7622300724245;TIRABUZON;;;;TERRABUSI;;850,00;2;;1.700,00
;7790070336026;TIRABUZON;;;;LUCCHETTI;;950,00;1;;950,00
;7790070342034;TIRABUZON ;;;;FAVORITA;;700,00;3;;2.100,00
;7794996000757;TIRABUZON MULTICOLOR;;;;ROBLES;;1.034,00;1;;1.034,00
;77976291;TITA;;;;TERRABUSI;;396,00;17;;6.732,00
;7790940216212;TOALLAS FEMENINA DONCELLA;;;;DONCELLA;;1.000,00;1;;1.000,00
;7790940216168;TOALLAS FEMENINAS;;;;DONCELLA;;830,00;10;;8.300,00
;7500435229555;TOALLAS FEMENINAS ;;;;ALWAYS;;1.200,00;12;;14.400,00
;7790770601950;TOALLAS FEMENINAS 8 UN;;;;NOSOTRAS;;1.100,00;6;;6.600,00
;7790250097624;TOALLAS FEMENINAS NOCTURNA;;;;LADYSOFT;;1.350,00;3;;4.050,00
;;;;;;Pág. 36 
;Stock Valorizado;;;;;;;;;;11/7/2026
;Código;Descripción;;;;Marca;Costo;;Stock;St.Valorizado
;7790940216243;TOALLAS FEMENINAS NOCTURNAS;;;;DONCELLA;;866,00;3;;2.598,00
;7790770602117;TOALLAS FEMENINAS NOCTURNAS;;;;CALIPSO;;1.150,00;7;;8.050,00
;7790940216236;TOALLAS FEMENINAS ULTRAFINAS;;;;DONCELLA;;682,00;4;;2.728,00
;7790940215109;TOALLITAS HUMEDAS;;;;BABYLOOK;;2.000,00;2;;4.000,00
;7798038315830;TOALLITAS HUMEDAS;;;;DISPITA;;2.000,00;2;;4.000,00
;7790773018656;TOALLITAS HUMEDAS;;;;IDEAL;;1.300,00;1;;1.300,00
;7798038315847;TOALLITAS HUMEDAS;;;;DISPITA;;2.000,00;2;;4.000,00
;7790773018649;TOALLITAS HUMEDAS ;;;;IDEAL;;1.300,00;2;;2.600,00
;7790380023401;TODDY 180 GS;;;;TODDY;;1.200,00;5;;6.000,00
;7790380023418;TODDY 360 GS;;;;TODDY;;1.650,00;4;;6.600,00
;77974631;TOFI CHOCOLATE 28 GS;;;;;;700,00;16;;11.200,00
;7790940215116;TOLLITAS HUMEDAS;;;;BABYLOOK;;2.000,00;6;;12.000,00
;7798079670059;TOMATE TRITURADO 1 KG;;;;DON FRANCISCO;;1.500,00;9;;13.500,00
;763571825969;TOMATE TRITURADO 1 KG;;;;SANTA CLARA;;1.500,00;7;;10.500,00
;7791579069323;TOMATES EN LATAS ENTEROS;;;;MOLTO;;900,00;1;;900,00
;7790150600313;TOMILLO;;;;ALICANTE;;700,00;1;;700,00
;77939753;TOPLINE SEVEN;;;;;;600,00;25;;15.000,00
;779317064;TOPLINE SEVEN;;;;;;600,00;10;;6.000,00
;7793653000901;TORASSO 500 ML;;;;TORASSO;;600,00;1;;600,00
;7793653000864;TORASSO 500 ML;;;;TORASSO;;600,00;1;;600,00
;7793653000741;TORASSO 500 ML;;;;TORASSO;;600,00;2;;1.200,00
;7793653230919;TORASSO GRANADINA 3 L;;;;TORASSO;;1.300,00;9913;;12.886.90
;;;;;;;;;;;0,00
;076625212050;TOSTADAS DE ARROZ;;;;RISKI-DIT;;1.250,00;1;;1.250,00
;076625212074;TOSTADAS DE ARROZ;;;;RISKI-DIT;;1.000,00;10;;10.000,00
;7798448630011;TOSTADAS DE ARROZ CLASICA;;;;LIBERA;;1.050,00;4;;4.200,00
;7790412000271;TOSTADAS DE ARROZ CLASICAS;;;;LEIVA;;950,00;2;;1.900,00
;7790412000288;TOSTADAS DE ARROZ DULCES;;;;LEIVA;;950,00;1;;950,00
;7790071090330;TOSTADAS INTEGRALES;;;;RIERA;;1.000,00;2;;2.000,00
;7794440005369;TRAPO DE PISO;;;;VIRULANA ;;900,00;3;;2.700,00
;7798035497003;TRAPO DE PISO;;;;VALENA;;700,00;1;;700,00
;7795085000016;TRAPO DE PISO;;;;JULIETA;;700,00;3;;2.100,00
;7798024450118;TRAPO DE PISO;;;;MR TRAPO;;1.000,00;3;;3.000,00
;7798136921803;TRAPO DE PISO GRIS;;;;LA PONDEROSA;;750,00;2;;1.500,00
;7790927812901;TRAPO DE PISO REFORZADO;;;;MEDIA NARANJA;;1.350,00;2;;2.700,00
;7790150355244;TRE VERDECITRUS;;;;LA VIRGINIA;;1.300,00;4;;5.200,00
;7790580142186;TUBITO MOGUL;;;;ARCOR;;1.000,00;12;;12.000,00
;7790580147709;TURRON ALMENDRAS AZUL;;;;ARCOR;;2.077,00;2;;4.154,00
;7790380013587;TURRON BLANDO DE MANI 90GS;;;;GEORGALOS;;1.000,00;99;;99.000,00
;7790580311605;TURRON CON FRUTAS 80 GS;;;;ARCOR;;1.000,00;50;;50.000,00
;7790380013570;TURRON DE ALMENDRAS;;;;GEORGALOS;;3.000,00;50;;150.000,0
;7790580283155;TURRON DE FRUTAS 120 GS;;;;ARCOR;;900,00;4;;3.600,000
;77940131;TURRON DE MANI;;;;ARCOR;;250,00;3;;750,00
;;;;;;Pág. 37 
;Stock Valorizado;;;;;;;;;;11/7/2026
;Código;Descripción;;;;Marca;Costo;;Stock;St.Valorizado
;7790380003809;TURRON DE MANI;;;;GEORGALOS;;150,00;9;;1.350,00
;7790580283506;TURRON DE MANI 120 GS;;;;ARCOR;;1.500,00;2;;3.000,00
;7790380012108;TURRON DE MANI 120GS;;;;GEORGALOS;;1.500,00;97;;0145.500,0
;7790380003267;TURRON DE MANI 130 GS;;;;GEORGALOS;;2.000,00;997;;1.994.000,
;7790580240400;TURRON DE MANI 80 GS;;;;ARCOR;;1.000,00;2;;2.000,0000
;7790380012122;TURRON DE MANI 80GS;;;;GEORGALOS;;900,00;97;;87.300,00
;7790380034018;TURRON DE MANI CON FRUTAS 80 GS;;;;GEORGALOS;;800,00;28;;22.400,00
;7790380034025;TURRON DE MANI DE BAÑADO;;;;GEORGALOS;;1.500,00;99;;148.500,0
;;;;;;;;;;;0
;7790198000328;VAINILLIN 30 CC;;;;GALVAN;;800,00;4;;3.200,00
;420;VAINILLIN GRANDE;;;;FLEIBOR;;1.250,00;21;;26.250,00
;7794297012060;VALDE CON ESCURRIDOR;;;;DESES PLAST;;5.600,00;1;;5.600,00
;418;VALDE DE PLASTICO;;;;;;1.500,00;3;;4.500,00
;7501058753458;VANISH BLANCO 120 GS;;;;VANISH;;1.450,00;3;;4.350,00
;7501058753441;VANISH ROSADO 120 GS;;;;VANISH;;1.450,00;3;;4.350,00
;0045;VELAS CHICAS ;;;;MALAMBO;;500,00;6;;3.000,00
;0044;VELAS EXTRA GRANDES;;;;JACARANDA;;1.000,00;2;;2.000,00
;7798160570022;VELAS GRANDE ;;;;JACARANDA;;730,00;3;;2.190,00
;0043;VELAS GRANDES;;;;JACARANDA;;1.000,00;7;;7.000,00
;0047;VELAS VHICA ;;;;JACARANDA;;400,00;1;;400,00
;7790290007195;VERMOUT;;;;PUNTEMES;;2.500,00;2;;5.000,00
;7790139101572;VINAGRE DE ALCOHOL;;;;FAVINCO;;1.256,00;3;;3.768,00
;7795422002109;VINAGRE DE ALCOHOL  1 L;;;;FRAU;;1.000,00;3;;3.000,00
;7790139003173;VINAGRE DE ALCOHOL 1L;;;;CASALTA;;1.200,00;8;;9.600,00
;7797470132692;VINAGRE DE ALCOHOL 500 ML;;;;MAROLIO;;900,00;2;;1.800,00
;763571696866;VINAGRE DE ALCOHOL 500ML;;;;LA RINCONADA;;620,00;1;;620,00
;7790130000089;VINAGRE DE MANZANA 1 L;;;;MENOYO;;1.500,00;1;;1.500,00
;7792900093000;VINAGRE DE MANZANA 500 ML;;;;;;1.250,00;2;;2.500,00
;7792900092980;VINAGRE DE VINAGRE 500 ML;;;;DOS ANCLAS;;1.400,00;5;;7.000,00
; 7790139101152;VINAGRE DE VINO 1L;;;;FAVINCO;;1.554,00;3;;4.662,00
;7798015560031;VINAGRE DE VINO 1L;;;;LA RINCONADA;;1.600,00;6;;9.600,00
;7790139101169;VINAGRE DE VINO 500 ML;;;;FAVINCO;;1.000,00;7;;7.000,00
;7797470132739;VINAGRE DE VINO 500 ML;;;;MAROLIO;;900,00;3;;2.700,00
;7795422000280;VINAGRE DE VINO 500 ML;;;;FRAU;;800,00;4;;3.200,00
;7798065440123;VINAGRE DEV MANZANA 1 L;;;;AMBALI;;2.200,00;1;;2.200,00
;107798108833950;VINO;;;;CALLIA;;3.500,00;1;;3.500,00
;7790314068515;VINO BLANCO CAJA;;;;EL GRINGO;;1.200,00;6;;7.200,00
;7798064690550;VINO BLANCO CAJA;;;;HAGMAN;;1.500,00;410;;615.000,0
;7790240041880;VINO BLANCO DULCE;;;;ALARIS;;2.450,00;2;;4.900,000
;7798109156171;VINO BLANCO DULCE;;;;FUEGO NEGRO;;3.800,00;4;;15.200,00
;7794123001404;VINO CABERNET SAUVIGNON;;;;CAVAS DE ZONDA;;2.500,00;100;;250.000,0
;00194;VINO EN DAMAJUANA;;;;;;6.500,00;7;;45.500,000
;7790704167637;VINO MALBEC;;;;SUTER;;2.250,00;5;;11.250,00
;;;;;;Pág. 38 
;Stock Valorizado;;;;;;;;;;11/7/2026
;Código;Descripción;;;;Marca;Costo;;Stock;St.Valorizado
;7798141877058;VINO MALBEC;;;;LA CELIA;;400,00;5;;2.000,00
;7790240128598;VINO MALBEC,;;;;FINCA LAS MORAS;;3.500,00;3;;10.500,00
;7790240095289;VINO ROSE DULCE;;;;ALARIS;;2.450,00;1;;2.450,00
;7790385001237;VINO SIRAH ;;;;MARTIN FIERRO;;2.250,00;3;;6.750,00
;7798108834377;VINO SIRAH/MALBEC;;;;ESPERADO;;3.800,00;3;;11.400,00
;7790385000056;VINO TINTO;;;;LA QUEBRADA;;2.000,00;1;;2.000,00
;7794123000247;VINO TINTO CAJA;;;;FRATERNAL;;1.500,00;5;;7.500,00
;7790036846262;VINO TINTO CAJA;;;;TALACASTO;;1.260,00;1;;1.260,00
;7790314068492;VINO TINTO CAJA;;;;EL GRINGO;;1.200,00;11;;13.200,00
;7790036068329;VINO TINTO DULCE CAJA;;;;UVITA;;1.450,00;5;;7.250,00
;7790168903925;VINO TINTO MALBEC;;;;COLON SELECTO;;4.000,00;4;;16.000,00
;7798145640139;VINO TINTO VARIETALES;;;;AGUMA;;2.800,00;2;;5.600,00
;7797942007084;VINO TORRONTES;;;;FINCA NATALINA;;2.500,00;1;;2.500,00
;7797942007831;VINO TORRONTES;;;;JUAN Y JUANA;;2.900,00;1;;2.900,00
;7790070336965;VITINA CLASICA 500 GS;;;;;;1.850,00;1;;1.850,00
;7790070336989;VITINA ESPINACA 250 GS;;;;;;1.300,00;2;;2.600,00
;7791200000213;VODKA SKYY;;;;SKYY;;7.200,00;5;;36.000,00
;7792410533102;VODKA WYBOROWA;;;;WYBOROWA;;3.500,00;3;;10.500,00
;7790070318893;VTINA ESPINACA 250 GS;;;;VITINA;;1.150,00;2;;2.300,00
;7792410527880;WISKY DOPBLE V;;;;;;4.800,00;1;;4.800,00
;7791130963503;WOOLITE 450 ML;;;;;;2.500,00;3;;7.500,00
;7790387013634;YERBA 250 GS;;;;TARAGUI;;1.000,00;2;;2.000,00
;7790411001989;YERBA 500 GS AMARILLA ;;;;ROSAMONTE;;1.800,00;2;;3.600,00
;7793395000405;YERBA 500 GS BOLDO;;;;MAS SABOR;;1.100,00;9;;9.900,00
;7793704000881;YERBA 500 GS ROJA;;;;PLAYADITO;;2.770,00;5;;13.850,00
;7790387015331;YERBA C/PALO 250 GS;;;;MAÑANITA;;1.000,00;3;;3.000,00
;7791680101400;YERBA C/PALO 250 GS;;;;LA HOJA;;800,00;32;;25.600,00
;7790387013627;YERBA C/PALO 500 GS;;;;TARAGUI;;2.000,00;1;;2.000,00
;7798028021598;YERBA EXTRA SUAVE;;;;LA POSADEÑA;;1.450,00;3;;4.350,00
;7790710334597;YERBA LIMON 500 GS;;;;CBSE;;1.500,00;3;;4.500,00
;7793670000038;YERBA MELISA 500 GS;;;;VERDEFLOR;;1.411,00;5;;7.055,00
;7793670000670;YERBA MENTA 500GS ;;;;VERDEFLOR;;1.411,00;10;;14.110,00
;7793670000632;YERBA NARANJA 500 GS;;;;VERDEFLOR;;1.411,00;3;;4.233,00
;7790710334580;YERBA NARANJA 500 GS;;;;CBSE;;1.500,00;2;;3.000,00
;7793670400500;YERBA PEPERINA 500 GS;;;;VERDEFLOR;;1.411,00;4;;5.644,00
;7790710334610;YERBA POMELO 500 GS ;;;;CBSE;;1.500,00;2;;3.000,00
;7730241009038;YERBA SERENA;;;;CANARIAS;;5.000,00;2;;10.000,00
;7790710334726;YERBA SERRANA 250 GS;;;;CBSE;;800,00;7;;5.600,00
;7793670000021;YERBA SERRANAS 250 GS;;;;VERDEFLOR;;800,00;5;;4.000,00
;7790411000548;YERBA SUAVE 500 GS;;;;ROSAMONTE;;1.800,00;1;;1.800,00
;7790070509109;YERBA SUAVE 500 GS;;;;NOBLEZA GAUCHA;;1.650,00;1;;1.650,00
;7730241003647;YERBA TRADICIONAL 250 GS;;;;CANARIAS;;2.000,00;1;;2.000,00
;;;;;;Pág. 39 
;Stock Valorizado;;;;;;;;;;11/7/2026
;Código;Descripción;;;;Marca;Costo;;Stock;St.Valorizado
;7790787960460;YOGUR 190GS DDL;;;;ILOLAY;;944,00;6;;5.664,00
;7798001560632;YOGUR CON CEREALES;;;;CREMIGAL;;856,00;6;;5.136,00
;7795793102811;YOGUR CON FRUTAS;;;;RAMOLAC;;1.000,00;4;;4.000,00
;7798321151268;YOGUR CREMOSO VAINILLA;;;;YOGS;;700,00;2;;1.400,00
;7790787960927;YOGUR NATURAL;;;;ILOLAY;;1.102,00;4;;4.408,00
;7791058790786;YOGUR SACHET BANANA;;;;MANFREY;;1.900,00;5;;9.500,00
;7798001563084;YOGUR SACHET F. TROPICALES;;;;CREMIGAL;;1.364,00;6;;8.184,00
;7798321152241;YOGUR SACHET FRUTILLA;;;;YOGS;;2.000,00;2;;4.000,00
;7798001563053;YOGUR SACHET FRUTILLA;;;;CREMIGAL;;1.350,00;6;;8.100,00
;7798001563060;YOGUR SACHET VAINILLA;;;;CREMIGAL;;1.350,00;6;;8.100,00
;7790787960408;YOGUR VASITO FRUTILLA;;;;ILOLAY;;620,00;9;;5.580,00
;7791337007178;YOGUR VASITO VAINILLA;;;;GRAN COMPRA;;479,00;3;;1.437,00
;7794820903223;YOGUR VASITO VAINILLA;;;;MILKAUT;;623,00;1;;623,00
;7798321151220;YOGURT C/CEREALES;;;;YOGS;;1.550,00;3;;4.650,00
;7798136870644;YOGURT FRASCO DAHI DURAZNO;;;;;;1.529,00;4;;6.116,00
;7795793102415;YOGURT VASITO;;;;RAMOLAC;;400,00;2;;800,00
;7798001562834;YOPGUR CON ARITOS;;;;CREMIGAL;;856,00;2;;1.712,00
;;;;;;;TOTAL;;688.832;;$20.508.563.879,
;;;;;;;;;;;00
;;;;;;Pág. 40 
